Tick;Step;Brake__parking_brake;Callsign;CIP__master_switch;Engine__ignition_switch;Engine__mixture_control;Engine__oil;Engine__oil_pressure;Engine__oil_temperature;Engine__RPM;Engine__running;Engine__throttle;Latitude;Longitude;LWT__fuel_quantity;LWT__water_sediments;RWT__fuel_quantity;RWT__water_sediments;TireLeftMainWheel__inflation;TireNoseWheel__inflation;TireRightMainWheel__inflation;0_Position;1_Position;ID
0;0;SET;Cessna5459;OFF;OFF;0.88;5.1;101325;15;0;False;0.2;53.560392;9.4987928;11;False;11;False;145000;207000;145000;9,4987928;53,560392;75517844-f1fe-430a-8fb9-e505722f9f4b
1;1;SET;Cessna5459;OFF;OFF;0.88;5.1;101325;15;0;False;0.2;53.560392;9.4987928;11;False;11;False;145000;207000;145000;9,4987928;53,560392;75517844-f1fe-430a-8fb9-e505722f9f4b
2;2;SET;Cessna5459;OFF;OFF;0.88;5.1;101325;15;0;False;0.2;53.560392;9.4987928;11;False;11;False;145000;207000;145000;9,4987928;53,560392;75517844-f1fe-430a-8fb9-e505722f9f4b
3;3;SET;Cessna5459;OFF;OFF;0.88;5.1;101325;15;0;False;0.2;53.560392;9.4987928;11;False;11;False;145000;207000;145000;9,4987928;53,560392;75517844-f1fe-430a-8fb9-e505722f9f4b
4;4;SET;Cessna5459;OFF;OFF;0.88;5.1;101325;15;0;False;0.2;53.560392;9.4987928;11;False;11;False;145000;207000;145000;9,4987928;53,560392;75517844-f1fe-430a-8fb9-e505722f9f4b
5;5;SET;Cessna5459;OFF;OFF;0.88;5.1;101325;15;0;False;0.2;53.560392;9.4987928;11;False;11;False;145000;207000;145000;9,4987928;53,560392;75517844-f1fe-430a-8fb9-e505722f9f4b
6;6;SET;Cessna5459;OFF;OFF;0.88;5.1;101325;15;0;False;0.2;53.560392;9.4987928;11;False;11;False;145000;207000;145000;9,4987928;53,560392;75517844-f1fe-430a-8fb9-e505722f9f4b
7;7;SET;Cessna5459;OFF;OFF;0.88;5.1;101325;15;0;False;0.2;53.560392;9.4987928;11;False;11;False;145000;207000;145000;9,4987928;53,560392;75517844-f1fe-430a-8fb9-e505722f9f4b
8;8;SET;Cessna5459;OFF;OFF;0.88;5.1;101325;15;0;False;0.2;53.560392;9.4987928;11;False;11;False;145000;207000;145000;9,4987928;53,560392;75517844-f1fe-430a-8fb9-e505722f9f4b
9;9;SET;Cessna5459;OFF;OFF;0.88;5.1;101325;15;0;False;0.2;53.560392;9.4987928;11;False;11;False;145000;207000;145000;9,4987928;53,560392;75517844-f1fe-430a-8fb9-e505722f9f4b
10;10;SET;Cessna5459;OFF;OFF;0.88;5.1;101325;15;0;False;0.2;53.560392;9.4987928;11;False;11;False;145000;207000;145000;9,4987928;53,560392;75517844-f1fe-430a-8fb9-e505722f9f4b
11;11;SET;Cessna5459;OFF;OFF;0.88;5.1;101325;15;0;False;0.2;53.560392;9.4987928;11;False;11;False;145000;207000;145000;9,4987928;53,560392;75517844-f1fe-430a-8fb9-e505722f9f4b
12;12;SET;Cessna5459;OFF;OFF;0.88;5.1;101325;15;0;False;0.2;53.560392;9.4987928;11;False;11;False;145000;207000;145000;9,4987928;53,560392;75517844-f1fe-430a-8fb9-e505722f9f4b
13;13;SET;Cessna5459;OFF;OFF;0.88;5.1;101325;15;0;False;0.2;53.560392;9.4987928;11;False;11;False;145000;207000;145000;9,4987928;53,560392;75517844-f1fe-430a-8fb9-e505722f9f4b
14;14;SET;Cessna5459;OFF;OFF;0.88;5.1;101325;15;0;False;0.2;53.560392;9.4987928;11;False;11;False;145000;207000;145000;9,4987928;53,560392;75517844-f1fe-430a-8fb9-e505722f9f4b
15;15;SET;Cessna5459;OFF;OFF;0.88;5.1;101325;15;0;False;0.2;53.560392;9.4987928;11;False;11;False;145000;207000;145000;9,4987928;53,560392;75517844-f1fe-430a-8fb9-e505722f9f4b
16;16;SET;Cessna5459;OFF;OFF;0.88;5.1;101325;15;0;False;0.2;53.560392;9.4987928;11;False;11;False;145000;207000;145000;9,4987928;53,560392;75517844-f1fe-430a-8fb9-e505722f9f4b
17;17;SET;Cessna5459;OFF;OFF;0.88;5.1;101325;15;0;False;0.2;53.560392;9.4987928;11;False;11;False;145000;207000;145000;9,4987928;53,560392;75517844-f1fe-430a-8fb9-e505722f9f4b
18;18;SET;Cessna5459;OFF;OFF;0.88;5.1;101325;15;0;False;0.2;53.560392;9.4987928;11;False;11;False;145000;207000;145000;9,4987928;53,560392;75517844-f1fe-430a-8fb9-e505722f9f4b
19;19;SET;Cessna5459;OFF;OFF;0.88;5.1;101325;15;0;False;0.2;53.560392;9.4987928;11;False;11;False;145000;207000;145000;9,4987928;53,560392;75517844-f1fe-430a-8fb9-e505722f9f4b
20;20;SET;Cessna5459;OFF;OFF;0.88;5.1;101325;15;0;False;0.2;53.560392;9.4987928;11;False;11;False;145000;207000;145000;9,4987928;53,560392;75517844-f1fe-430a-8fb9-e505722f9f4b
21;21;SET;Cessna5459;OFF;OFF;0.88;5.1;101325;15;0;False;0.2;53.560392;9.4987928;11;False;11;False;145000;207000;145000;9,4987928;53,560392;75517844-f1fe-430a-8fb9-e505722f9f4b
22;22;SET;Cessna5459;OFF;OFF;0.88;5.1;101325;15;0;False;0.2;53.560392;9.4987928;11;False;11;False;145000;207000;145000;9,4987928;53,560392;75517844-f1fe-430a-8fb9-e505722f9f4b
23;23;SET;Cessna5459;OFF;OFF;0.88;5.1;101325;15;0;False;0.2;53.560392;9.4987928;11;False;11;False;145000;207000;145000;9,4987928;53,560392;75517844-f1fe-430a-8fb9-e505722f9f4b
24;24;SET;Cessna5459;OFF;OFF;0.88;5.1;101325;15;0;False;0.2;53.560392;9.4987928;11;False;11;False;145000;207000;145000;9,4987928;53,560392;75517844-f1fe-430a-8fb9-e505722f9f4b
25;25;SET;Cessna5459;OFF;OFF;0.88;5.1;101325;15;0;False;0.2;53.560392;9.4987928;11;False;11;False;145000;207000;145000;9,4987928;53,560392;75517844-f1fe-430a-8fb9-e505722f9f4b
26;26;SET;Cessna5459;OFF;OFF;0.88;5.1;101325;15;0;False;0.2;53.560392;9.4987928;11;False;11;False;145000;207000;145000;9,4987928;53,560392;75517844-f1fe-430a-8fb9-e505722f9f4b
27;27;SET;Cessna5459;OFF;OFF;0.88;5.1;101325;15;0;False;0.2;53.560392;9.4987928;11;False;11;False;145000;207000;145000;9,4987928;53,560392;75517844-f1fe-430a-8fb9-e505722f9f4b
28;28;SET;Cessna5459;OFF;OFF;0.88;5.1;101325;15;0;False;0.2;53.560392;9.4987928;11;False;11;False;145000;207000;145000;9,4987928;53,560392;75517844-f1fe-430a-8fb9-e505722f9f4b
29;29;SET;Cessna5459;OFF;OFF;0.88;5.1;101325;15;0;False;0.2;53.560392;9.4987928;11;False;11;False;145000;207000;145000;9,4987928;53,560392;75517844-f1fe-430a-8fb9-e505722f9f4b
30;30;SET;Cessna5459;OFF;OFF;0.88;5.1;101325;15;0;False;0.2;53.560392;9.4987928;11;False;11;False;145000;207000;145000;9,4987928;53,560392;75517844-f1fe-430a-8fb9-e505722f9f4b
31;31;SET;Cessna5459;OFF;OFF;0.88;5.1;101325;15;0;False;0.2;53.560392;9.4987928;11;False;11;False;145000;207000;145000;9,4987928;53,560392;75517844-f1fe-430a-8fb9-e505722f9f4b
32;32;SET;Cessna5459;OFF;OFF;0.88;5.1;101325;15;0;False;0.2;53.560392;9.4987928;11;False;11;False;145000;207000;145000;9,4987928;53,560392;75517844-f1fe-430a-8fb9-e505722f9f4b
33;33;SET;Cessna5459;OFF;OFF;0.88;5.1;101325;15;0;False;0.2;53.560392;9.4987928;11;False;11;False;145000;207000;145000;9,4987928;53,560392;75517844-f1fe-430a-8fb9-e505722f9f4b
34;34;SET;Cessna5459;OFF;OFF;0.88;5.1;101325;15;0;False;0.2;53.560392;9.4987928;11;False;11;False;145000;207000;145000;9,4987928;53,560392;75517844-f1fe-430a-8fb9-e505722f9f4b
35;35;SET;Cessna5459;OFF;OFF;0.88;5.1;101325;15;0;False;0.2;53.560392;9.4987928;11;False;11;False;145000;207000;145000;9,4987928;53,560392;75517844-f1fe-430a-8fb9-e505722f9f4b
36;36;SET;Cessna5459;OFF;OFF;0.88;5.1;101325;15;0;False;0.2;53.560392;9.4987928;11;False;11;False;145000;207000;145000;9,4987928;53,560392;75517844-f1fe-430a-8fb9-e505722f9f4b
37;37;SET;Cessna5459;OFF;OFF;0.88;5.1;101325;15;0;False;0.2;53.560392;9.4987928;11;False;11;False;145000;207000;145000;9,4987928;53,560392;75517844-f1fe-430a-8fb9-e505722f9f4b
38;38;SET;Cessna5459;OFF;OFF;0.88;5.1;101325;15;0;False;0.2;53.560392;9.4987928;11;False;11;False;145000;207000;145000;9,4987928;53,560392;75517844-f1fe-430a-8fb9-e505722f9f4b
39;39;SET;Cessna5459;OFF;OFF;0.88;5.1;101325;15;0;False;0.2;53.560392;9.4987928;11;False;11;False;145000;207000;145000;9,4987928;53,560392;75517844-f1fe-430a-8fb9-e505722f9f4b
40;40;SET;Cessna5459;OFF;OFF;0.88;5.1;101325;15;0;False;0.2;53.560392;9.4987928;11;False;11;False;145000;207000;145000;9,4987928;53,560392;75517844-f1fe-430a-8fb9-e505722f9f4b
41;41;SET;Cessna5459;OFF;OFF;0.88;5.1;101325;15;0;False;0.2;53.560392;9.4987928;11;False;11;False;145000;207000;145000;9,4987928;53,560392;75517844-f1fe-430a-8fb9-e505722f9f4b
42;42;SET;Cessna5459;OFF;OFF;0.88;5.1;101325;15;0;False;0.2;53.560392;9.4987928;11;False;11;False;145000;207000;145000;9,4987928;53,560392;75517844-f1fe-430a-8fb9-e505722f9f4b
43;43;SET;Cessna5459;OFF;OFF;0.88;5.1;101325;15;0;False;0.2;53.560392;9.4987928;11;False;11;False;145000;207000;145000;9,4987928;53,560392;75517844-f1fe-430a-8fb9-e505722f9f4b
44;44;SET;Cessna5459;OFF;OFF;0.88;5.1;101325;15;0;False;0.2;53.560392;9.4987928;11;False;11;False;145000;207000;145000;9,4987928;53,560392;75517844-f1fe-430a-8fb9-e505722f9f4b
45;45;SET;Cessna5459;OFF;OFF;0.88;5.1;101325;15;0;False;0.2;53.560392;9.4987928;11;False;11;False;145000;207000;145000;9,4987928;53,560392;75517844-f1fe-430a-8fb9-e505722f9f4b
46;46;SET;Cessna5459;OFF;OFF;0.88;5.1;101325;15;0;False;0.2;53.560392;9.4987928;11;False;11;False;145000;207000;145000;9,4987928;53,560392;75517844-f1fe-430a-8fb9-e505722f9f4b
47;47;SET;Cessna5459;OFF;OFF;0.88;5.1;101325;15;0;False;0.2;53.560392;9.4987928;11;False;11;False;145000;207000;145000;9,4987928;53,560392;75517844-f1fe-430a-8fb9-e505722f9f4b
48;48;SET;Cessna5459;OFF;OFF;0.88;5.1;101325;15;0;False;0.2;53.560392;9.4987928;11;False;11;False;145000;207000;145000;9,4987928;53,560392;75517844-f1fe-430a-8fb9-e505722f9f4b
49;49;SET;Cessna5459;OFF;OFF;0.88;5.1;101325;15;0;False;0.2;53.560392;9.4987928;11;False;11;False;145000;207000;145000;9,4987928;53,560392;75517844-f1fe-430a-8fb9-e505722f9f4b
50;50;SET;Cessna5459;OFF;OFF;0.88;5.1;101325;15;0;False;0.2;53.560392;9.4987928;11;False;11;False;145000;207000;145000;9,4987928;53,560392;75517844-f1fe-430a-8fb9-e505722f9f4b
51;51;SET;Cessna5459;OFF;OFF;0.88;5.1;101325;15;0;False;0.2;53.560392;9.4987928;11;False;11;False;145000;207000;145000;9,4987928;53,560392;75517844-f1fe-430a-8fb9-e505722f9f4b
52;52;SET;Cessna5459;OFF;OFF;0.88;5.1;101325;15;0;False;0.2;53.560392;9.4987928;11;False;11;False;145000;207000;145000;9,4987928;53,560392;75517844-f1fe-430a-8fb9-e505722f9f4b
53;53;SET;Cessna5459;OFF;OFF;0.88;5.1;101325;15;0;False;0.2;53.560392;9.4987928;11;False;11;False;145000;207000;145000;9,4987928;53,560392;75517844-f1fe-430a-8fb9-e505722f9f4b
54;54;SET;Cessna5459;OFF;OFF;0.88;5.1;101325;15;0;False;0.2;53.560392;9.4987928;11;False;11;False;145000;207000;145000;9,4987928;53,560392;75517844-f1fe-430a-8fb9-e505722f9f4b
55;55;SET;Cessna5459;OFF;OFF;0.88;5.1;101325;15;0;False;0.2;53.560392;9.4987928;11;False;11;False;145000;207000;145000;9,4987928;53,560392;75517844-f1fe-430a-8fb9-e505722f9f4b
56;56;SET;Cessna5459;OFF;OFF;0.88;5.1;101325;15;0;False;0.2;53.560392;9.4987928;11;False;11;False;145000;207000;145000;9,4987928;53,560392;75517844-f1fe-430a-8fb9-e505722f9f4b
57;57;SET;Cessna5459;OFF;OFF;0.88;5.1;101325;15;0;False;0.2;53.560392;9.4987928;11;False;11;False;145000;207000;145000;9,4987928;53,560392;75517844-f1fe-430a-8fb9-e505722f9f4b
58;58;SET;Cessna5459;OFF;OFF;0.88;5.1;101325;15;0;False;0.2;53.560392;9.4987928;11;False;11;False;145000;207000;145000;9,4987928;53,560392;75517844-f1fe-430a-8fb9-e505722f9f4b
59;59;SET;Cessna5459;OFF;OFF;0.88;5.1;101325;15;0;False;0.2;53.560392;9.4987928;11;False;11;False;145000;207000;145000;9,4987928;53,560392;75517844-f1fe-430a-8fb9-e505722f9f4b
60;60;SET;Cessna5459;OFF;OFF;0.88;5.1;101325;15;0;False;0.2;53.560392;9.4987928;11;False;11;False;145000;207000;145000;9,4987928;53,560392;75517844-f1fe-430a-8fb9-e505722f9f4b
61;61;SET;Cessna5459;OFF;OFF;0.88;5.1;101325;15;0;False;0.2;53.560392;9.4987928;11;False;11;False;145000;207000;145000;9,4987928;53,560392;75517844-f1fe-430a-8fb9-e505722f9f4b
62;62;SET;Cessna5459;OFF;OFF;0.88;5.1;101325;15;0;False;0.2;53.560392;9.4987928;11;False;11;False;145000;207000;145000;9,4987928;53,560392;75517844-f1fe-430a-8fb9-e505722f9f4b
63;63;SET;Cessna5459;OFF;OFF;0.88;5.1;101325;15;0;False;0.2;53.560392;9.4987928;11;False;11;False;145000;207000;145000;9,4987928;53,560392;75517844-f1fe-430a-8fb9-e505722f9f4b
64;64;SET;Cessna5459;OFF;OFF;0.88;5.1;101325;15;0;False;0.2;53.560392;9.4987928;11;False;11;False;145000;207000;145000;9,4987928;53,560392;75517844-f1fe-430a-8fb9-e505722f9f4b
65;65;SET;Cessna5459;OFF;OFF;0.88;5.1;101325;15;0;False;0.2;53.560392;9.4987928;11;False;11;False;145000;207000;145000;9,4987928;53,560392;75517844-f1fe-430a-8fb9-e505722f9f4b
66;66;SET;Cessna5459;OFF;OFF;0.88;5.1;101325;15;0;False;0.2;53.560392;9.4987928;11;False;11;False;145000;207000;145000;9,4987928;53,560392;75517844-f1fe-430a-8fb9-e505722f9f4b
67;67;SET;Cessna5459;OFF;OFF;0.88;5.1;101325;15;0;False;0.2;53.560392;9.4987928;11;False;11;False;145000;207000;145000;9,4987928;53,560392;75517844-f1fe-430a-8fb9-e505722f9f4b
68;68;SET;Cessna5459;OFF;OFF;0.88;5.1;101325;15;0;False;0.2;53.560392;9.4987928;11;False;11;False;145000;207000;145000;9,4987928;53,560392;75517844-f1fe-430a-8fb9-e505722f9f4b
69;69;SET;Cessna5459;OFF;OFF;0.88;5.1;101325;15;0;False;0.2;53.560392;9.4987928;11;False;11;False;145000;207000;145000;9,4987928;53,560392;75517844-f1fe-430a-8fb9-e505722f9f4b
70;70;SET;Cessna5459;OFF;OFF;0.88;5.1;101325;15;0;False;0.2;53.560392;9.4987928;11;False;11;False;145000;207000;145000;9,4987928;53,560392;75517844-f1fe-430a-8fb9-e505722f9f4b
71;71;SET;Cessna5459;OFF;OFF;0.88;5.1;101325;15;0;False;0.2;53.560392;9.4987928;11;False;11;False;145000;207000;145000;9,4987928;53,560392;75517844-f1fe-430a-8fb9-e505722f9f4b
72;72;SET;Cessna5459;OFF;OFF;0.88;5.1;101325;15;0;False;0.2;53.560392;9.4987928;11;False;11;False;145000;207000;145000;9,4987928;53,560392;75517844-f1fe-430a-8fb9-e505722f9f4b
73;73;SET;Cessna5459;OFF;OFF;0.88;5.1;101325;15;0;False;0.2;53.560392;9.4987928;11;False;11;False;145000;207000;145000;9,4987928;53,560392;75517844-f1fe-430a-8fb9-e505722f9f4b
74;74;SET;Cessna5459;OFF;OFF;0.88;5.1;101325;15;0;False;0.2;53.560392;9.4987928;11;False;11;False;145000;207000;145000;9,4987928;53,560392;75517844-f1fe-430a-8fb9-e505722f9f4b
75;75;SET;Cessna5459;OFF;OFF;0.88;5.1;101325;15;0;False;0.2;53.560392;9.4987928;11;False;11;False;145000;207000;145000;9,4987928;53,560392;75517844-f1fe-430a-8fb9-e505722f9f4b
76;76;SET;Cessna5459;OFF;OFF;0.88;5.1;101325;15;0;False;0.2;53.560392;9.4987928;11;False;11;False;145000;207000;145000;9,4987928;53,560392;75517844-f1fe-430a-8fb9-e505722f9f4b
77;77;SET;Cessna5459;OFF;OFF;0.88;5.1;101325;15;0;False;0.2;53.560392;9.4987928;11;False;11;False;145000;207000;145000;9,4987928;53,560392;75517844-f1fe-430a-8fb9-e505722f9f4b
78;78;SET;Cessna5459;OFF;OFF;0.88;5.1;101325;15;0;False;0.2;53.560392;9.4987928;11;False;11;False;145000;207000;145000;9,4987928;53,560392;75517844-f1fe-430a-8fb9-e505722f9f4b
79;79;SET;Cessna5459;OFF;OFF;0.88;5.1;101325;15;0;False;0.2;53.560392;9.4987928;11;False;11;False;145000;207000;145000;9,4987928;53,560392;75517844-f1fe-430a-8fb9-e505722f9f4b
80;80;SET;Cessna5459;OFF;OFF;0.88;5.1;101325;15;0;False;0.2;53.560392;9.4987928;11;False;11;False;145000;207000;145000;9,4987928;53,560392;75517844-f1fe-430a-8fb9-e505722f9f4b
81;81;SET;Cessna5459;OFF;OFF;0.88;5.1;101325;15;0;False;0.2;53.560392;9.4987928;11;False;11;False;145000;207000;145000;9,4987928;53,560392;75517844-f1fe-430a-8fb9-e505722f9f4b
82;82;SET;Cessna5459;OFF;OFF;0.88;5.1;101325;15;0;False;0.2;53.560392;9.4987928;11;False;11;False;145000;207000;145000;9,4987928;53,560392;75517844-f1fe-430a-8fb9-e505722f9f4b
83;83;SET;Cessna5459;OFF;OFF;0.88;5.1;101325;15;0;False;0.2;53.560392;9.4987928;11;False;11;False;145000;207000;145000;9,4987928;53,560392;75517844-f1fe-430a-8fb9-e505722f9f4b
84;84;SET;Cessna5459;OFF;OFF;0.88;5.1;101325;15;0;False;0.2;53.560392;9.4987928;11;False;11;False;145000;207000;145000;9,4987928;53,560392;75517844-f1fe-430a-8fb9-e505722f9f4b
85;85;SET;Cessna5459;OFF;OFF;0.88;5.1;101325;15;0;False;0.2;53.560392;9.4987928;11;False;11;False;145000;207000;145000;9,4987928;53,560392;75517844-f1fe-430a-8fb9-e505722f9f4b
86;86;SET;Cessna5459;OFF;OFF;0.88;5.1;101325;15;0;False;0.2;53.560392;9.4987928;11;False;11;False;145000;207000;145000;9,4987928;53,560392;75517844-f1fe-430a-8fb9-e505722f9f4b
87;87;SET;Cessna5459;OFF;OFF;0.88;5.1;101325;15;0;False;0.2;53.560392;9.4987928;11;False;11;False;145000;207000;145000;9,4987928;53,560392;75517844-f1fe-430a-8fb9-e505722f9f4b
88;88;SET;Cessna5459;OFF;OFF;0.88;5.1;101325;15;0;False;0.2;53.560392;9.4987928;11;False;11;False;145000;207000;145000;9,4987928;53,560392;75517844-f1fe-430a-8fb9-e505722f9f4b
89;89;SET;Cessna5459;OFF;OFF;0.88;5.1;101325;15;0;False;0.2;53.560392;9.4987928;11;False;11;False;145000;207000;145000;9,4987928;53,560392;75517844-f1fe-430a-8fb9-e505722f9f4b
90;90;SET;Cessna5459;OFF;OFF;0.88;5.1;101325;15;0;False;0.2;53.560392;9.4987928;11;False;11;False;145000;207000;145000;9,4987928;53,560392;75517844-f1fe-430a-8fb9-e505722f9f4b
91;91;SET;Cessna5459;OFF;OFF;0.88;5.1;101325;15;0;False;0.2;53.560392;9.4987928;11;False;11;False;145000;207000;145000;9,4987928;53,560392;75517844-f1fe-430a-8fb9-e505722f9f4b
92;92;SET;Cessna5459;OFF;OFF;0.88;5.1;101325;15;0;False;0.2;53.560392;9.4987928;11;False;11;False;145000;207000;145000;9,4987928;53,560392;75517844-f1fe-430a-8fb9-e505722f9f4b
93;93;SET;Cessna5459;OFF;OFF;0.88;5.1;101325;15;0;False;0.2;53.560392;9.4987928;11;False;11;False;145000;207000;145000;9,4987928;53,560392;75517844-f1fe-430a-8fb9-e505722f9f4b
94;94;SET;Cessna5459;OFF;OFF;0.88;5.1;101325;15;0;False;0.2;53.560392;9.4987928;11;False;11;False;145000;207000;145000;9,4987928;53,560392;75517844-f1fe-430a-8fb9-e505722f9f4b
95;95;SET;Cessna5459;OFF;OFF;0.88;5.1;101325;15;0;False;0.2;53.560392;9.4987928;11;False;11;False;145000;207000;145000;9,4987928;53,560392;75517844-f1fe-430a-8fb9-e505722f9f4b
96;96;SET;Cessna5459;OFF;OFF;0.88;5.1;101325;15;0;False;0.2;53.560392;9.4987928;11;False;11;False;145000;207000;145000;9,4987928;53,560392;75517844-f1fe-430a-8fb9-e505722f9f4b
97;97;SET;Cessna5459;OFF;OFF;0.88;5.1;101325;15;0;False;0.2;53.560392;9.4987928;11;False;11;False;145000;207000;145000;9,4987928;53,560392;75517844-f1fe-430a-8fb9-e505722f9f4b
98;98;SET;Cessna5459;OFF;OFF;0.88;5.1;101325;15;0;False;0.2;53.560392;9.4987928;11;False;11;False;145000;207000;145000;9,4987928;53,560392;75517844-f1fe-430a-8fb9-e505722f9f4b
99;99;SET;Cessna5459;OFF;OFF;0.88;5.1;101325;15;0;False;0.2;53.560392;9.4987928;11;False;11;False;145000;207000;145000;9,4987928;53,560392;75517844-f1fe-430a-8fb9-e505722f9f4b
100;100;SET;Cessna5459;OFF;OFF;0.88;5.1;101325;15;0;False;0.2;53.560392;9.4987928;11;False;11;False;145000;207000;145000;9,4987928;53,560392;75517844-f1fe-430a-8fb9-e505722f9f4b
101;101;SET;Cessna5459;OFF;OFF;0.88;5.1;101325;15;0;False;0.2;53.560392;9.4987928;11;False;11;False;145000;207000;145000;9,4987928;53,560392;75517844-f1fe-430a-8fb9-e505722f9f4b
102;102;SET;Cessna5459;OFF;OFF;0.88;5.1;101325;15;0;False;0.2;53.560392;9.4987928;11;False;11;False;145000;207000;145000;9,4987928;53,560392;75517844-f1fe-430a-8fb9-e505722f9f4b
103;103;SET;Cessna5459;OFF;OFF;0.88;5.1;101325;15;0;False;0.2;53.560392;9.4987928;11;False;11;False;145000;207000;145000;9,4987928;53,560392;75517844-f1fe-430a-8fb9-e505722f9f4b
104;104;SET;Cessna5459;OFF;OFF;0.88;5.1;101325;15;0;False;0.2;53.560392;9.4987928;11;False;11;False;145000;207000;145000;9,4987928;53,560392;75517844-f1fe-430a-8fb9-e505722f9f4b
105;105;SET;Cessna5459;OFF;OFF;0.88;5.1;101325;15;0;False;0.2;53.560392;9.4987928;11;False;11;False;145000;207000;145000;9,4987928;53,560392;75517844-f1fe-430a-8fb9-e505722f9f4b
106;106;SET;Cessna5459;OFF;OFF;0.88;5.1;101325;15;0;False;0.2;53.560392;9.4987928;11;False;11;False;145000;207000;145000;9,4987928;53,560392;75517844-f1fe-430a-8fb9-e505722f9f4b
107;107;SET;Cessna5459;OFF;OFF;0.88;5.1;101325;15;0;False;0.2;53.560392;9.4987928;11;False;11;False;145000;207000;145000;9,4987928;53,560392;75517844-f1fe-430a-8fb9-e505722f9f4b
108;108;SET;Cessna5459;OFF;OFF;0.88;5.1;101325;15;0;False;0.2;53.560392;9.4987928;11;False;11;False;145000;207000;145000;9,4987928;53,560392;75517844-f1fe-430a-8fb9-e505722f9f4b
109;109;SET;Cessna5459;OFF;OFF;0.88;5.1;101325;15;0;False;0.2;53.560392;9.4987928;11;False;11;False;145000;207000;145000;9,4987928;53,560392;75517844-f1fe-430a-8fb9-e505722f9f4b
110;110;SET;Cessna5459;OFF;OFF;0.88;5.1;101325;15;0;False;0.2;53.560392;9.4987928;11;False;11;False;145000;207000;145000;9,4987928;53,560392;75517844-f1fe-430a-8fb9-e505722f9f4b
111;111;SET;Cessna5459;OFF;OFF;0.88;5.1;101325;15;0;False;0.2;53.560392;9.4987928;11;False;11;False;145000;207000;145000;9,4987928;53,560392;75517844-f1fe-430a-8fb9-e505722f9f4b
112;112;SET;Cessna5459;OFF;OFF;0.88;5.1;101325;15;0;False;0.2;53.560392;9.4987928;11;False;11;False;145000;207000;145000;9,4987928;53,560392;75517844-f1fe-430a-8fb9-e505722f9f4b
113;113;SET;Cessna5459;OFF;OFF;0.88;5.1;101325;15;0;False;0.2;53.560392;9.4987928;11;False;11;False;145000;207000;145000;9,4987928;53,560392;75517844-f1fe-430a-8fb9-e505722f9f4b
114;114;SET;Cessna5459;OFF;OFF;0.88;5.1;101325;15;0;False;0.2;53.560392;9.4987928;11;False;11;False;145000;207000;145000;9,4987928;53,560392;75517844-f1fe-430a-8fb9-e505722f9f4b
115;115;SET;Cessna5459;OFF;OFF;0.88;5.1;101325;15;0;False;0.2;53.560392;9.4987928;11;False;11;False;145000;207000;145000;9,4987928;53,560392;75517844-f1fe-430a-8fb9-e505722f9f4b
116;116;SET;Cessna5459;OFF;OFF;0.88;5.1;101325;15;0;False;0.2;53.560392;9.4987928;11;False;11;False;145000;207000;145000;9,4987928;53,560392;75517844-f1fe-430a-8fb9-e505722f9f4b
117;117;SET;Cessna5459;OFF;OFF;0.88;5.1;101325;15;0;False;0.2;53.560392;9.4987928;11;False;11;False;145000;207000;145000;9,4987928;53,560392;75517844-f1fe-430a-8fb9-e505722f9f4b
118;118;SET;Cessna5459;OFF;OFF;0.88;5.1;101325;15;0;False;0.2;53.560392;9.4987928;11;False;11;False;145000;207000;145000;9,4987928;53,560392;75517844-f1fe-430a-8fb9-e505722f9f4b
119;119;SET;Cessna5459;OFF;OFF;0.88;5.1;101325;15;0;False;0.2;53.560392;9.4987928;11;False;11;False;145000;207000;145000;9,4987928;53,560392;75517844-f1fe-430a-8fb9-e505722f9f4b
120;120;SET;Cessna5459;OFF;OFF;0.88;5.1;101325;15;0;False;0.2;53.560392;9.4987928;11;False;11;False;145000;207000;145000;9,4987928;53,560392;75517844-f1fe-430a-8fb9-e505722f9f4b
121;121;SET;Cessna5459;OFF;OFF;0.88;5.1;101325;15;0;False;0.2;53.560392;9.4987928;11;False;11;False;145000;207000;145000;9,4987928;53,560392;75517844-f1fe-430a-8fb9-e505722f9f4b
122;122;SET;Cessna5459;OFF;OFF;0.88;5.1;101325;15;0;False;0.2;53.560392;9.4987928;11;False;11;False;145000;207000;145000;9,4987928;53,560392;75517844-f1fe-430a-8fb9-e505722f9f4b
123;123;SET;Cessna5459;OFF;OFF;0.88;5.1;101325;15;0;False;0.2;53.560392;9.4987928;11;False;11;False;145000;207000;145000;9,4987928;53,560392;75517844-f1fe-430a-8fb9-e505722f9f4b
124;124;SET;Cessna5459;OFF;OFF;0.88;5.1;101325;15;0;False;0.2;53.560392;9.4987928;11;False;11;False;145000;207000;145000;9,4987928;53,560392;75517844-f1fe-430a-8fb9-e505722f9f4b
125;125;SET;Cessna5459;OFF;OFF;0.88;5.1;101325;15;0;False;0.2;53.560392;9.4987928;11;False;11;False;145000;207000;145000;9,4987928;53,560392;75517844-f1fe-430a-8fb9-e505722f9f4b
126;126;SET;Cessna5459;OFF;OFF;0.88;5.1;101325;15;0;False;0.2;53.560392;9.4987928;11;False;11;False;145000;207000;145000;9,4987928;53,560392;75517844-f1fe-430a-8fb9-e505722f9f4b
127;127;SET;Cessna5459;OFF;OFF;0.88;5.1;101325;15;0;False;0.2;53.560392;9.4987928;11;False;11;False;145000;207000;145000;9,4987928;53,560392;75517844-f1fe-430a-8fb9-e505722f9f4b
128;128;SET;Cessna5459;OFF;OFF;0.88;5.1;101325;15;0;False;0.2;53.560392;9.4987928;11;False;11;False;145000;207000;145000;9,4987928;53,560392;75517844-f1fe-430a-8fb9-e505722f9f4b
129;129;SET;Cessna5459;OFF;OFF;0.88;5.1;101325;15;0;False;0.2;53.560392;9.4987928;11;False;11;False;145000;207000;145000;9,4987928;53,560392;75517844-f1fe-430a-8fb9-e505722f9f4b
130;130;SET;Cessna5459;OFF;OFF;0.88;5.1;101325;15;0;False;0.2;53.560392;9.4987928;11;False;11;False;145000;207000;145000;9,4987928;53,560392;75517844-f1fe-430a-8fb9-e505722f9f4b
131;131;SET;Cessna5459;OFF;OFF;0.88;5.1;101325;15;0;False;0.2;53.560392;9.4987928;11;False;11;False;145000;207000;145000;9,4987928;53,560392;75517844-f1fe-430a-8fb9-e505722f9f4b
132;132;SET;Cessna5459;OFF;OFF;0.88;5.1;101325;15;0;False;0.2;53.560392;9.4987928;11;False;11;False;145000;207000;145000;9,4987928;53,560392;75517844-f1fe-430a-8fb9-e505722f9f4b
133;133;SET;Cessna5459;OFF;OFF;0.88;5.1;101325;15;0;False;0.2;53.560392;9.4987928;11;False;11;False;145000;207000;145000;9,4987928;53,560392;75517844-f1fe-430a-8fb9-e505722f9f4b
134;134;SET;Cessna5459;OFF;OFF;0.88;5.1;101325;15;0;False;0.2;53.560392;9.4987928;11;False;11;False;145000;207000;145000;9,4987928;53,560392;75517844-f1fe-430a-8fb9-e505722f9f4b
135;135;SET;Cessna5459;OFF;OFF;0.88;5.1;101325;15;0;False;0.2;53.560392;9.4987928;11;False;11;False;145000;207000;145000;9,4987928;53,560392;75517844-f1fe-430a-8fb9-e505722f9f4b
136;136;SET;Cessna5459;OFF;OFF;0.88;5.1;101325;15;0;False;0.2;53.560392;9.4987928;11;False;11;False;145000;207000;145000;9,4987928;53,560392;75517844-f1fe-430a-8fb9-e505722f9f4b
137;137;SET;Cessna5459;OFF;OFF;0.88;5.1;101325;15;0;False;0.2;53.560392;9.4987928;11;False;11;False;145000;207000;145000;9,4987928;53,560392;75517844-f1fe-430a-8fb9-e505722f9f4b
138;138;SET;Cessna5459;OFF;OFF;0.88;5.1;101325;15;0;False;0.2;53.560392;9.4987928;11;False;11;False;145000;207000;145000;9,4987928;53,560392;75517844-f1fe-430a-8fb9-e505722f9f4b
139;139;SET;Cessna5459;OFF;OFF;0.88;5.1;101325;15;0;False;0.2;53.560392;9.4987928;11;False;11;False;145000;207000;145000;9,4987928;53,560392;75517844-f1fe-430a-8fb9-e505722f9f4b
140;140;SET;Cessna5459;OFF;OFF;0.88;5.1;101325;15;0;False;0.2;53.560392;9.4987928;11;False;11;False;145000;207000;145000;9,4987928;53,560392;75517844-f1fe-430a-8fb9-e505722f9f4b
141;141;SET;Cessna5459;OFF;OFF;0.88;5.1;101325;15;0;False;0.2;53.560392;9.4987928;11;False;11;False;145000;207000;145000;9,4987928;53,560392;75517844-f1fe-430a-8fb9-e505722f9f4b
142;142;SET;Cessna5459;OFF;OFF;0.88;5.1;101325;15;0;False;0.2;53.560392;9.4987928;11;False;11;False;145000;207000;145000;9,4987928;53,560392;75517844-f1fe-430a-8fb9-e505722f9f4b
143;143;SET;Cessna5459;OFF;OFF;0.88;5.1;101325;15;0;False;0.2;53.560392;9.4987928;11;False;11;False;145000;207000;145000;9,4987928;53,560392;75517844-f1fe-430a-8fb9-e505722f9f4b
144;144;SET;Cessna5459;OFF;OFF;0.88;5.1;101325;15;0;False;0.2;53.560392;9.4987928;11;False;11;False;145000;207000;145000;9,4987928;53,560392;75517844-f1fe-430a-8fb9-e505722f9f4b
145;145;SET;Cessna5459;OFF;OFF;0.88;5.1;101325;15;0;False;0.2;53.560392;9.4987928;11;False;11;False;145000;207000;145000;9,4987928;53,560392;75517844-f1fe-430a-8fb9-e505722f9f4b
146;146;SET;Cessna5459;OFF;OFF;0.88;5.1;101325;15;0;False;0.2;53.560392;9.4987928;11;False;11;False;145000;207000;145000;9,4987928;53,560392;75517844-f1fe-430a-8fb9-e505722f9f4b
147;147;SET;Cessna5459;OFF;OFF;0.88;5.1;101325;15;0;False;0.2;53.560392;9.4987928;11;False;11;False;145000;207000;145000;9,4987928;53,560392;75517844-f1fe-430a-8fb9-e505722f9f4b
148;148;SET;Cessna5459;OFF;OFF;0.88;5.1;101325;15;0;False;0.2;53.560392;9.4987928;11;False;11;False;145000;207000;145000;9,4987928;53,560392;75517844-f1fe-430a-8fb9-e505722f9f4b
149;149;SET;Cessna5459;OFF;OFF;0.88;5.1;101325;15;0;False;0.2;53.560392;9.4987928;11;False;11;False;145000;207000;145000;9,4987928;53,560392;75517844-f1fe-430a-8fb9-e505722f9f4b
150;150;SET;Cessna5459;OFF;OFF;0.88;5.1;101325;15;0;False;0.2;53.560392;9.4987928;11;False;11;False;145000;207000;145000;9,4987928;53,560392;75517844-f1fe-430a-8fb9-e505722f9f4b
151;151;SET;Cessna5459;OFF;OFF;0.88;5.1;101325;15;0;False;0.2;53.560392;9.4987928;11;False;11;False;145000;207000;145000;9,4987928;53,560392;75517844-f1fe-430a-8fb9-e505722f9f4b
152;152;SET;Cessna5459;OFF;OFF;0.88;5.1;101325;15;0;False;0.2;53.560392;9.4987928;11;False;11;False;145000;207000;145000;9,4987928;53,560392;75517844-f1fe-430a-8fb9-e505722f9f4b
153;153;SET;Cessna5459;OFF;OFF;0.88;5.1;101325;15;0;False;0.2;53.560392;9.4987928;11;False;11;False;145000;207000;145000;9,4987928;53,560392;75517844-f1fe-430a-8fb9-e505722f9f4b
154;154;SET;Cessna5459;OFF;OFF;0.88;5.1;101325;15;0;False;0.2;53.560392;9.4987928;11;False;11;False;145000;207000;145000;9,4987928;53,560392;75517844-f1fe-430a-8fb9-e505722f9f4b
155;155;SET;Cessna5459;OFF;OFF;0.88;5.1;101325;15;0;False;0.2;53.560392;9.4987928;11;False;11;False;145000;207000;145000;9,4987928;53,560392;75517844-f1fe-430a-8fb9-e505722f9f4b
156;156;SET;Cessna5459;OFF;OFF;0.88;5.1;101325;15;0;False;0.2;53.560392;9.4987928;11;False;11;False;145000;207000;145000;9,4987928;53,560392;75517844-f1fe-430a-8fb9-e505722f9f4b
157;157;SET;Cessna5459;OFF;OFF;0.88;5.1;101325;15;0;False;0.2;53.560392;9.4987928;11;False;11;False;145000;207000;145000;9,4987928;53,560392;75517844-f1fe-430a-8fb9-e505722f9f4b
158;158;SET;Cessna5459;OFF;OFF;0.88;5.1;101325;15;0;False;0.2;53.560392;9.4987928;11;False;11;False;145000;207000;145000;9,4987928;53,560392;75517844-f1fe-430a-8fb9-e505722f9f4b
159;159;SET;Cessna5459;OFF;OFF;0.88;5.1;101325;15;0;False;0.2;53.560392;9.4987928;11;False;11;False;145000;207000;145000;9,4987928;53,560392;75517844-f1fe-430a-8fb9-e505722f9f4b
160;160;SET;Cessna5459;OFF;OFF;0.88;5.1;101325;15;0;False;0.2;53.560392;9.4987928;11;False;11;False;145000;207000;145000;9,4987928;53,560392;75517844-f1fe-430a-8fb9-e505722f9f4b
161;161;SET;Cessna5459;OFF;OFF;0.88;5.1;101325;15;0;False;0.2;53.560392;9.4987928;11;False;11;False;145000;207000;145000;9,4987928;53,560392;75517844-f1fe-430a-8fb9-e505722f9f4b
162;162;SET;Cessna5459;OFF;OFF;0.88;5.1;101325;15;0;False;0.2;53.560392;9.4987928;11;False;11;False;145000;207000;145000;9,4987928;53,560392;75517844-f1fe-430a-8fb9-e505722f9f4b
163;163;SET;Cessna5459;OFF;OFF;0.88;5.1;101325;15;0;False;0.2;53.560392;9.4987928;11;False;11;False;145000;207000;145000;9,4987928;53,560392;75517844-f1fe-430a-8fb9-e505722f9f4b
164;164;SET;Cessna5459;OFF;OFF;0.88;5.1;101325;15;0;False;0.2;53.560392;9.4987928;11;False;11;False;145000;207000;145000;9,4987928;53,560392;75517844-f1fe-430a-8fb9-e505722f9f4b
165;165;SET;Cessna5459;OFF;OFF;0.88;5.1;101325;15;0;False;0.2;53.560392;9.4987928;11;False;11;False;145000;207000;145000;9,4987928;53,560392;75517844-f1fe-430a-8fb9-e505722f9f4b
166;166;SET;Cessna5459;OFF;OFF;0.88;5.1;101325;15;0;False;0.2;53.560392;9.4987928;11;False;11;False;145000;207000;145000;9,4987928;53,560392;75517844-f1fe-430a-8fb9-e505722f9f4b
167;167;SET;Cessna5459;OFF;OFF;0.88;5.1;101325;15;0;False;0.2;53.560392;9.4987928;11;False;11;False;145000;207000;145000;9,4987928;53,560392;75517844-f1fe-430a-8fb9-e505722f9f4b
168;168;SET;Cessna5459;OFF;OFF;0.88;5.1;101325;15;0;False;0.2;53.560392;9.4987928;11;False;11;False;145000;207000;145000;9,4987928;53,560392;75517844-f1fe-430a-8fb9-e505722f9f4b
169;169;SET;Cessna5459;OFF;OFF;0.88;5.1;101325;15;0;False;0.2;53.560392;9.4987928;11;False;11;False;145000;207000;145000;9,4987928;53,560392;75517844-f1fe-430a-8fb9-e505722f9f4b
170;170;SET;Cessna5459;OFF;OFF;0.88;5.1;101325;15;0;False;0.2;53.560392;9.4987928;11;False;11;False;145000;207000;145000;9,4987928;53,560392;75517844-f1fe-430a-8fb9-e505722f9f4b
171;171;SET;Cessna5459;OFF;OFF;0.88;5.1;101325;15;0;False;0.2;53.560392;9.4987928;11;False;11;False;145000;207000;145000;9,4987928;53,560392;75517844-f1fe-430a-8fb9-e505722f9f4b
172;172;SET;Cessna5459;OFF;OFF;0;5.1;101325;15;0;False;0.2;53.560392;9.4987928;11;False;11;False;145000;207000;145000;9,4987928;53,560392;75517844-f1fe-430a-8fb9-e505722f9f4b
173;173;SET;Cessna5459;OFF;OFF;0;5.1;101325;15;0;False;0.2;53.560392;9.4987928;11;False;11;False;145000;207000;145000;9,4987928;53,560392;75517844-f1fe-430a-8fb9-e505722f9f4b
174;174;SET;Cessna5459;OFF;OFF;0;5.1;101325;15;0;False;0.2;53.560392;9.4987928;11;False;11;False;145000;207000;145000;9,4987928;53,560392;75517844-f1fe-430a-8fb9-e505722f9f4b
175;175;SET;Cessna5459;OFF;OFF;0;5.1;101325;15;0;False;0.2;53.560392;9.4987928;11;False;11;False;145000;207000;145000;9,4987928;53,560392;75517844-f1fe-430a-8fb9-e505722f9f4b
176;176;SET;Cessna5459;OFF;OFF;0;5.1;101325;15;0;False;0.2;53.560392;9.4987928;11;False;11;False;145000;207000;145000;9,4987928;53,560392;75517844-f1fe-430a-8fb9-e505722f9f4b
177;177;SET;Cessna5459;ON;OFF;0;5.1;101325;15;0;False;0.2;53.560392;9.4987928;11;False;11;False;145000;207000;145000;9,4987928;53,560392;75517844-f1fe-430a-8fb9-e505722f9f4b
178;178;SET;Cessna5459;ON;OFF;0;5.1;101325;15;0;False;0.2;53.560392;9.4987928;11;False;11;False;145000;207000;145000;9,4987928;53,560392;75517844-f1fe-430a-8fb9-e505722f9f4b
179;179;SET;Cessna5459;ON;OFF;0;5.1;101325;15;0;False;0.2;53.560392;9.4987928;11;False;11;False;145000;207000;145000;9,4987928;53,560392;75517844-f1fe-430a-8fb9-e505722f9f4b
180;180;SET;Cessna5459;ON;OFF;0;5.1;101325;15;0;False;0.2;53.560392;9.4987928;11;False;11;False;145000;207000;145000;9,4987928;53,560392;75517844-f1fe-430a-8fb9-e505722f9f4b
181;181;SET;Cessna5459;ON;OFF;0;5.1;101325;15;0;False;0.1;53.560392;9.4987928;11;False;11;False;145000;207000;145000;9,4987928;53,560392;75517844-f1fe-430a-8fb9-e505722f9f4b
182;182;SET;Cessna5459;ON;OFF;0;5.1;101325;15;0;False;0.1;53.560392;9.4987928;11;False;11;False;145000;207000;145000;9,4987928;53,560392;75517844-f1fe-430a-8fb9-e505722f9f4b
183;183;SET;Cessna5459;ON;OFF;0;5.1;101325;15;0;False;0.1;53.560392;9.4987928;11;False;11;False;145000;207000;145000;9,4987928;53,560392;75517844-f1fe-430a-8fb9-e505722f9f4b
184;184;SET;Cessna5459;ON;OFF;0;5.1;101325;15;0;False;0.1;53.560392;9.4987928;11;False;11;False;145000;207000;145000;9,4987928;53,560392;75517844-f1fe-430a-8fb9-e505722f9f4b
185;185;SET;Cessna5459;ON;OFF;0;5.1;101325;15;0;False;0.1;53.560392;9.4987928;11;False;11;False;145000;207000;145000;9,4987928;53,560392;75517844-f1fe-430a-8fb9-e505722f9f4b
186;186;SET;Cessna5459;ON;START;0;5.1;101325;15;0;False;0.1;53.560392;9.4987928;11;False;11;False;145000;207000;145000;9,4987928;53,560392;75517844-f1fe-430a-8fb9-e505722f9f4b
187;187;SET;Cessna5459;ON;START;0;5.1;101325;15;0;False;0.1;53.560392;9.4987928;11;False;11;False;145000;207000;145000;9,4987928;53,560392;75517844-f1fe-430a-8fb9-e505722f9f4b
188;188;SET;Cessna5459;ON;START;0;5.1;307500;77;1153;True;0.1;53.560392;9.4987928;11;False;11;False;145000;207000;145000;9,4987928;53,560392;75517844-f1fe-430a-8fb9-e505722f9f4b
189;189;SET;Cessna5459;ON;START;0;5.1;307500;77;1145;True;0.1;53.560392;9.4987928;11;False;11;False;145000;207000;145000;9,4987928;53,560392;75517844-f1fe-430a-8fb9-e505722f9f4b
190;190;SET;Cessna5459;ON;BOTH;0;5.1;307500;77;1153;True;0.1;53.560392;9.4987928;11;False;11;False;145000;207000;145000;9,4987928;53,560392;75517844-f1fe-430a-8fb9-e505722f9f4b
191;191;SET;Cessna5459;ON;BOTH;0;5.1;307500;77;1145;True;0.1;53.560392;9.4987928;11;False;11;False;145000;207000;145000;9,4987928;53,560392;75517844-f1fe-430a-8fb9-e505722f9f4b
192;192;SET;Cessna5459;ON;BOTH;0;5.1;307500;77;1145;True;0.1;53.560392;9.4987928;11;False;11;False;145000;207000;145000;9,4987928;53,560392;75517844-f1fe-430a-8fb9-e505722f9f4b
193;193;SET;Cessna5459;ON;BOTH;0;5.1;307500;77;1140;True;0.1;53.560392;9.4987928;11;False;11;False;145000;207000;145000;9,4987928;53,560392;75517844-f1fe-430a-8fb9-e505722f9f4b
194;194;SET;Cessna5459;ON;BOTH;0;5.1;307500;77;1150;True;0.1;53.560392;9.4987928;11;False;11;False;145000;207000;145000;9,4987928;53,560392;75517844-f1fe-430a-8fb9-e505722f9f4b
195;195;SET;Cessna5459;ON;BOTH;0;5.1;307500;77;1157;True;0.1;53.560392;9.4987928;11;False;11;False;145000;207000;145000;9,4987928;53,560392;75517844-f1fe-430a-8fb9-e505722f9f4b
196;196;SET;Cessna5459;ON;BOTH;0;5.1;307500;77;1152;True;0.1;53.560392;9.4987928;11;False;11;False;145000;207000;145000;9,4987928;53,560392;75517844-f1fe-430a-8fb9-e505722f9f4b
197;197;SET;Cessna5459;ON;BOTH;0;5.1;307500;77;1142;True;0.1;53.560392;9.4987928;11;False;11;False;145000;207000;145000;9,4987928;53,560392;75517844-f1fe-430a-8fb9-e505722f9f4b
198;198;SET;Cessna5459;ON;BOTH;0;5.1;307500;77;1160;True;0.1;53.560392;9.4987928;11;False;11;False;145000;207000;145000;9,4987928;53,560392;75517844-f1fe-430a-8fb9-e505722f9f4b
199;199;SET;Cessna5459;ON;BOTH;0;5.1;307500;77;1151;True;0.1;53.560392;9.4987928;11;False;11;False;145000;207000;145000;9,4987928;53,560392;75517844-f1fe-430a-8fb9-e505722f9f4b
200;200;SET;Cessna5459;ON;BOTH;0;5.1;307500;77;1142;True;0.1;53.560392;9.4987928;11;False;11;False;145000;207000;145000;9,4987928;53,560392;75517844-f1fe-430a-8fb9-e505722f9f4b
201;201;SET;Cessna5459;ON;BOTH;0;5.1;307500;77;1160;True;0.1;53.560392;9.4987928;11;False;11;False;145000;207000;145000;9,4987928;53,560392;75517844-f1fe-430a-8fb9-e505722f9f4b
202;202;SET;Cessna5459;ON;BOTH;0;5.1;307500;77;1145;True;0.1;53.560392;9.4987928;11;False;11;False;145000;207000;145000;9,4987928;53,560392;75517844-f1fe-430a-8fb9-e505722f9f4b
203;203;SET;Cessna5459;ON;BOTH;0;5.1;307500;77;1152;True;0.1;53.560392;9.4987928;11;False;11;False;145000;207000;145000;9,4987928;53,560392;75517844-f1fe-430a-8fb9-e505722f9f4b
204;204;SET;Cessna5459;ON;BOTH;0;5.1;307500;77;1144;True;0.1;53.560392;9.4987928;11;False;11;False;145000;207000;145000;9,4987928;53,560392;75517844-f1fe-430a-8fb9-e505722f9f4b
205;205;SET;Cessna5459;ON;BOTH;0;5.1;307500;77;1149;True;0.1;53.560392;9.4987928;11;False;11;False;145000;207000;145000;9,4987928;53,560392;75517844-f1fe-430a-8fb9-e505722f9f4b
206;206;SET;Cessna5459;ON;BOTH;0;5.1;307500;77;1142;True;0.1;53.560392;9.4987928;11;False;11;False;145000;207000;145000;9,4987928;53,560392;75517844-f1fe-430a-8fb9-e505722f9f4b
207;207;SET;Cessna5459;ON;BOTH;0;5.1;307500;77;1148;True;0.1;53.560392;9.4987928;11;False;11;False;145000;207000;145000;9,4987928;53,560392;75517844-f1fe-430a-8fb9-e505722f9f4b
208;208;SET;Cessna5459;ON;BOTH;0;5.1;307500;77;1140;True;0.1;53.560392;9.4987928;11;False;11;False;145000;207000;145000;9,4987928;53,560392;75517844-f1fe-430a-8fb9-e505722f9f4b
209;209;SET;Cessna5459;ON;BOTH;0;5.1;307500;77;1151;True;0.1;53.560392;9.4987928;11;False;11;False;145000;207000;145000;9,4987928;53,560392;75517844-f1fe-430a-8fb9-e505722f9f4b
210;210;SET;Cessna5459;ON;BOTH;0;5.1;307500;77;1156;True;0.1;53.560392;9.4987928;11;False;11;False;145000;207000;145000;9,4987928;53,560392;75517844-f1fe-430a-8fb9-e505722f9f4b
211;211;SET;Cessna5459;ON;BOTH;0;5.1;307500;77;1146;True;0.1;53.560392;9.4987928;11;False;11;False;145000;207000;145000;9,4987928;53,560392;75517844-f1fe-430a-8fb9-e505722f9f4b
212;212;SET;Cessna5459;ON;BOTH;0;5.1;307500;77;1154;True;0.1;53.560392;9.4987928;11;False;11;False;145000;207000;145000;9,4987928;53,560392;75517844-f1fe-430a-8fb9-e505722f9f4b
213;213;SET;Cessna5459;ON;BOTH;0;5.1;307500;77;1143;True;0.1;53.560392;9.4987928;11;False;11;False;145000;207000;145000;9,4987928;53,560392;75517844-f1fe-430a-8fb9-e505722f9f4b
214;214;SET;Cessna5459;ON;BOTH;0;5.1;307500;77;1140;True;0.1;53.560392;9.4987928;11;False;11;False;145000;207000;145000;9,4987928;53,560392;75517844-f1fe-430a-8fb9-e505722f9f4b
215;215;SET;Cessna5459;ON;BOTH;0;5.1;307500;77;1154;True;0.1;53.560392;9.4987928;11;False;11;False;145000;207000;145000;9,4987928;53,560392;75517844-f1fe-430a-8fb9-e505722f9f4b
216;216;SET;Cessna5459;ON;BOTH;0;5.1;307500;77;1148;True;0.1;53.560392;9.4987928;11;False;11;False;145000;207000;145000;9,4987928;53,560392;75517844-f1fe-430a-8fb9-e505722f9f4b
217;217;SET;Cessna5459;ON;BOTH;0;5.1;307500;77;1151;True;0.1;53.560392;9.4987928;11;False;11;False;145000;207000;145000;9,4987928;53,560392;75517844-f1fe-430a-8fb9-e505722f9f4b
218;218;SET;Cessna5459;ON;BOTH;0;5.1;307500;77;1154;True;0.1;53.560392;9.4987928;11;False;11;False;145000;207000;145000;9,4987928;53,560392;75517844-f1fe-430a-8fb9-e505722f9f4b
219;219;SET;Cessna5459;ON;BOTH;0;5.1;307500;77;1157;True;0.1;53.560392;9.4987928;11;False;11;False;145000;207000;145000;9,4987928;53,560392;75517844-f1fe-430a-8fb9-e505722f9f4b
220;220;SET;Cessna5459;ON;BOTH;0;5.1;307500;77;1158;True;0.1;53.560392;9.4987928;11;False;11;False;145000;207000;145000;9,4987928;53,560392;75517844-f1fe-430a-8fb9-e505722f9f4b
221;221;SET;Cessna5459;ON;BOTH;0;5.1;307500;77;1159;True;0.1;53.560392;9.4987928;11;False;11;False;145000;207000;145000;9,4987928;53,560392;75517844-f1fe-430a-8fb9-e505722f9f4b
222;222;SET;Cessna5459;ON;BOTH;0;5.1;307500;77;1159;True;0.1;53.560392;9.4987928;11;False;11;False;145000;207000;145000;9,4987928;53,560392;75517844-f1fe-430a-8fb9-e505722f9f4b
223;223;SET;Cessna5459;ON;BOTH;0;5.1;307500;77;1151;True;0.1;53.560392;9.4987928;11;False;11;False;145000;207000;145000;9,4987928;53,560392;75517844-f1fe-430a-8fb9-e505722f9f4b
224;224;SET;Cessna5459;ON;BOTH;0;5.1;307500;77;1156;True;0.1;53.560392;9.4987928;11;False;11;False;145000;207000;145000;9,4987928;53,560392;75517844-f1fe-430a-8fb9-e505722f9f4b
225;225;SET;Cessna5459;ON;BOTH;0;5.1;307500;77;1141;True;0.1;53.560392;9.4987928;11;False;11;False;145000;207000;145000;9,4987928;53,560392;75517844-f1fe-430a-8fb9-e505722f9f4b
226;226;SET;Cessna5459;ON;BOTH;0;5.1;307500;77;1158;True;0.1;53.560392;9.4987928;11;False;11;False;145000;207000;145000;9,4987928;53,560392;75517844-f1fe-430a-8fb9-e505722f9f4b
227;227;SET;Cessna5459;ON;BOTH;0;5.1;307500;77;1148;True;0.1;53.560392;9.4987928;11;False;11;False;145000;207000;145000;9,4987928;53,560392;75517844-f1fe-430a-8fb9-e505722f9f4b
228;228;SET;Cessna5459;ON;BOTH;0;5.1;307500;77;1160;True;0.1;53.560392;9.4987928;11;False;11;False;145000;207000;145000;9,4987928;53,560392;75517844-f1fe-430a-8fb9-e505722f9f4b
229;229;SET;Cessna5459;ON;BOTH;0;5.1;307500;77;1148;True;0.1;53.560392;9.4987928;11;False;11;False;145000;207000;145000;9,4987928;53,560392;75517844-f1fe-430a-8fb9-e505722f9f4b
230;230;SET;Cessna5459;ON;BOTH;0;5.1;307500;77;1149;True;0.1;53.560392;9.4987928;11;False;11;False;145000;207000;145000;9,4987928;53,560392;75517844-f1fe-430a-8fb9-e505722f9f4b
231;231;SET;Cessna5459;ON;BOTH;0;5.1;307500;77;1149;True;0.1;53.560392;9.4987928;11;False;11;False;145000;207000;145000;9,4987928;53,560392;75517844-f1fe-430a-8fb9-e505722f9f4b
232;232;SET;Cessna5459;ON;BOTH;0;5.1;307500;77;1145;True;0.1;53.560392;9.4987928;11;False;11;False;145000;207000;145000;9,4987928;53,560392;75517844-f1fe-430a-8fb9-e505722f9f4b
233;233;SET;Cessna5459;ON;BOTH;0;5.1;307500;77;1154;True;0.1;53.560392;9.4987928;11;False;11;False;145000;207000;145000;9,4987928;53,560392;75517844-f1fe-430a-8fb9-e505722f9f4b
234;234;SET;Cessna5459;ON;BOTH;0;5.1;307500;77;1160;True;0.1;53.560392;9.4987928;11;False;11;False;145000;207000;145000;9,4987928;53,560392;75517844-f1fe-430a-8fb9-e505722f9f4b
235;235;SET;Cessna5459;ON;BOTH;0;5.1;307500;77;1146;True;0.1;53.560392;9.4987928;11;False;11;False;145000;207000;145000;9,4987928;53,560392;75517844-f1fe-430a-8fb9-e505722f9f4b
236;236;SET;Cessna5459;ON;BOTH;0;5.1;307500;77;1154;True;0.1;53.560392;9.4987928;11;False;11;False;145000;207000;145000;9,4987928;53,560392;75517844-f1fe-430a-8fb9-e505722f9f4b
237;237;SET;Cessna5459;ON;BOTH;0;5.1;307500;77;1144;True;0.1;53.560392;9.4987928;11;False;11;False;145000;207000;145000;9,4987928;53,560392;75517844-f1fe-430a-8fb9-e505722f9f4b
238;238;SET;Cessna5459;ON;BOTH;0;5.1;307500;77;1157;True;0.1;53.560392;9.4987928;11;False;11;False;145000;207000;145000;9,4987928;53,560392;75517844-f1fe-430a-8fb9-e505722f9f4b
239;239;SET;Cessna5459;ON;BOTH;0;5.1;307500;77;1149;True;0.1;53.560392;9.4987928;11;False;11;False;145000;207000;145000;9,4987928;53,560392;75517844-f1fe-430a-8fb9-e505722f9f4b
240;240;SET;Cessna5459;ON;BOTH;0;5.1;307500;77;1143;True;0.1;53.560392;9.4987928;11;False;11;False;145000;207000;145000;9,4987928;53,560392;75517844-f1fe-430a-8fb9-e505722f9f4b
241;241;SET;Cessna5459;ON;BOTH;0;5.1;307500;77;1146;True;0.1;53.560392;9.4987928;11;False;11;False;145000;207000;145000;9,4987928;53,560392;75517844-f1fe-430a-8fb9-e505722f9f4b
242;242;SET;Cessna5459;ON;BOTH;0;5.1;307500;77;1142;True;0.1;53.560392;9.4987928;11;False;11;False;145000;207000;145000;9,4987928;53,560392;75517844-f1fe-430a-8fb9-e505722f9f4b
243;243;SET;Cessna5459;ON;BOTH;0;5.1;307500;77;1142;True;0.1;53.560392;9.4987928;11;False;11;False;145000;207000;145000;9,4987928;53,560392;75517844-f1fe-430a-8fb9-e505722f9f4b
244;244;SET;Cessna5459;ON;BOTH;0;5.1;307500;77;1150;True;0.1;53.560392;9.4987928;11;False;11;False;145000;207000;145000;9,4987928;53,560392;75517844-f1fe-430a-8fb9-e505722f9f4b
245;245;SET;Cessna5459;ON;BOTH;0;5.1;307500;77;1147;True;0.1;53.560392;9.4987928;11;False;11;False;145000;207000;145000;9,4987928;53,560392;75517844-f1fe-430a-8fb9-e505722f9f4b
246;246;SET;Cessna5459;ON;BOTH;0;5.1;307500;77;1151;True;0.1;53.560392;9.4987928;11;False;11;False;145000;207000;145000;9,4987928;53,560392;75517844-f1fe-430a-8fb9-e505722f9f4b
247;247;SET;Cessna5459;ON;BOTH;0;5.1;307500;77;1142;True;0.1;53.560392;9.4987928;11;False;11;False;145000;207000;145000;9,4987928;53,560392;75517844-f1fe-430a-8fb9-e505722f9f4b
248;248;SET;Cessna5459;ON;BOTH;0;5.1;307500;77;1160;True;0.1;53.560392;9.4987928;11;False;11;False;145000;207000;145000;9,4987928;53,560392;75517844-f1fe-430a-8fb9-e505722f9f4b
249;249;SET;Cessna5459;ON;BOTH;0;5.1;307500;77;1157;True;0.1;53.560392;9.4987928;11;False;11;False;145000;207000;145000;9,4987928;53,560392;75517844-f1fe-430a-8fb9-e505722f9f4b
250;250;SET;Cessna5459;ON;BOTH;0;5.1;307500;77;1148;True;0.1;53.560392;9.4987928;11;False;11;False;145000;207000;145000;9,4987928;53,560392;75517844-f1fe-430a-8fb9-e505722f9f4b
251;251;SET;Cessna5459;ON;BOTH;0;5.1;307500;77;1141;True;0.1;53.560392;9.4987928;11;False;11;False;145000;207000;145000;9,4987928;53,560392;75517844-f1fe-430a-8fb9-e505722f9f4b
252;252;SET;Cessna5459;ON;BOTH;0;5.1;307500;77;1148;True;0.1;53.560392;9.4987928;11;False;11;False;145000;207000;145000;9,4987928;53,560392;75517844-f1fe-430a-8fb9-e505722f9f4b
253;253;SET;Cessna5459;ON;BOTH;0;5.1;307500;77;1142;True;0.1;53.560392;9.4987928;11;False;11;False;145000;207000;145000;9,4987928;53,560392;75517844-f1fe-430a-8fb9-e505722f9f4b
254;254;SET;Cessna5459;ON;BOTH;0;5.1;307500;77;1153;True;0.1;53.560392;9.4987928;11;False;11;False;145000;207000;145000;9,4987928;53,560392;75517844-f1fe-430a-8fb9-e505722f9f4b
255;255;SET;Cessna5459;ON;BOTH;0;5.1;307500;77;1143;True;0.1;53.560392;9.4987928;11;False;11;False;145000;207000;145000;9,4987928;53,560392;75517844-f1fe-430a-8fb9-e505722f9f4b
256;256;SET;Cessna5459;ON;BOTH;0;5.1;307500;77;1141;True;0.1;53.560392;9.4987928;11;False;11;False;145000;207000;145000;9,4987928;53,560392;75517844-f1fe-430a-8fb9-e505722f9f4b
257;257;SET;Cessna5459;ON;BOTH;0;5.1;307500;77;1154;True;0.1;53.560392;9.4987928;11;False;11;False;145000;207000;145000;9,4987928;53,560392;75517844-f1fe-430a-8fb9-e505722f9f4b
258;258;SET;Cessna5459;ON;BOTH;0;5.1;307500;77;1156;True;0.1;53.560392;9.4987928;11;False;11;False;145000;207000;145000;9,4987928;53,560392;75517844-f1fe-430a-8fb9-e505722f9f4b
259;259;SET;Cessna5459;ON;BOTH;0;5.1;307500;77;1143;True;0.1;53.560392;9.4987928;11;False;11;False;145000;207000;145000;9,4987928;53,560392;75517844-f1fe-430a-8fb9-e505722f9f4b
260;260;SET;Cessna5459;ON;BOTH;0;5.1;307500;77;1151;True;0.1;53.560392;9.4987928;11;False;11;False;145000;207000;145000;9,4987928;53,560392;75517844-f1fe-430a-8fb9-e505722f9f4b
261;261;SET;Cessna5459;ON;BOTH;0;5.1;307500;77;1154;True;0.1;53.560392;9.4987928;11;False;11;False;145000;207000;145000;9,4987928;53,560392;75517844-f1fe-430a-8fb9-e505722f9f4b
262;262;SET;Cessna5459;ON;BOTH;0;5.1;307500;77;1148;True;0.1;53.560392;9.4987928;11;False;11;False;145000;207000;145000;9,4987928;53,560392;75517844-f1fe-430a-8fb9-e505722f9f4b
263;263;SET;Cessna5459;ON;BOTH;0;5.1;307500;77;1152;True;0.1;53.560392;9.4987928;11;False;11;False;145000;207000;145000;9,4987928;53,560392;75517844-f1fe-430a-8fb9-e505722f9f4b
264;264;SET;Cessna5459;ON;BOTH;0;5.1;307500;77;1141;True;0.1;53.560392;9.4987928;11;False;11;False;145000;207000;145000;9,4987928;53,560392;75517844-f1fe-430a-8fb9-e505722f9f4b
265;265;SET;Cessna5459;ON;BOTH;0;5.1;307500;77;1146;True;0.1;53.560392;9.4987928;11;False;11;False;145000;207000;145000;9,4987928;53,560392;75517844-f1fe-430a-8fb9-e505722f9f4b
266;266;SET;Cessna5459;ON;BOTH;0;5.1;307500;77;1140;True;0.1;53.560392;9.4987928;11;False;11;False;145000;207000;145000;9,4987928;53,560392;75517844-f1fe-430a-8fb9-e505722f9f4b
267;267;SET;Cessna5459;ON;BOTH;0;5.1;307500;77;1160;True;0.1;53.560392;9.4987928;11;False;11;False;145000;207000;145000;9,4987928;53,560392;75517844-f1fe-430a-8fb9-e505722f9f4b
268;268;SET;Cessna5459;ON;BOTH;0;5.1;307500;77;1144;True;0.1;53.560392;9.4987928;11;False;11;False;145000;207000;145000;9,4987928;53,560392;75517844-f1fe-430a-8fb9-e505722f9f4b
269;269;SET;Cessna5459;ON;BOTH;0;5.1;307500;77;1155;True;0.1;53.560392;9.4987928;11;False;11;False;145000;207000;145000;9,4987928;53,560392;75517844-f1fe-430a-8fb9-e505722f9f4b
270;270;SET;Cessna5459;ON;BOTH;0;5.1;307500;77;1140;True;0.1;53.560392;9.4987928;11;False;11;False;145000;207000;145000;9,4987928;53,560392;75517844-f1fe-430a-8fb9-e505722f9f4b
271;271;SET;Cessna5459;ON;BOTH;0;5.1;307500;77;1144;True;0.1;53.560392;9.4987928;11;False;11;False;145000;207000;145000;9,4987928;53,560392;75517844-f1fe-430a-8fb9-e505722f9f4b
272;272;SET;Cessna5459;ON;BOTH;0;5.1;307500;77;1155;True;0.1;53.560392;9.4987928;11;False;11;False;145000;207000;145000;9,4987928;53,560392;75517844-f1fe-430a-8fb9-e505722f9f4b
273;273;SET;Cessna5459;ON;BOTH;0;5.1;307500;77;1145;True;0.1;53.560392;9.4987928;11;False;11;False;145000;207000;145000;9,4987928;53,560392;75517844-f1fe-430a-8fb9-e505722f9f4b
274;274;SET;Cessna5459;ON;BOTH;0;5.1;307500;77;1154;True;0.1;53.560392;9.4987928;11;False;11;False;145000;207000;145000;9,4987928;53,560392;75517844-f1fe-430a-8fb9-e505722f9f4b
275;275;SET;Cessna5459;ON;BOTH;0;5.1;307500;77;1152;True;0.1;53.560392;9.4987928;11;False;11;False;145000;207000;145000;9,4987928;53,560392;75517844-f1fe-430a-8fb9-e505722f9f4b
276;276;SET;Cessna5459;ON;BOTH;0;5.1;307500;77;1157;True;0.1;53.560392;9.4987928;11;False;11;False;145000;207000;145000;9,4987928;53,560392;75517844-f1fe-430a-8fb9-e505722f9f4b
277;277;SET;Cessna5459;ON;BOTH;0;5.1;307500;77;1156;True;0.1;53.560392;9.4987928;11;False;11;False;145000;207000;145000;9,4987928;53,560392;75517844-f1fe-430a-8fb9-e505722f9f4b
278;278;SET;Cessna5459;ON;BOTH;0;5.1;307500;77;1140;True;0.1;53.560392;9.4987928;11;False;11;False;145000;207000;145000;9,4987928;53,560392;75517844-f1fe-430a-8fb9-e505722f9f4b
279;279;SET;Cessna5459;ON;BOTH;0;5.1;307500;77;1149;True;0.1;53.560392;9.4987928;11;False;11;False;145000;207000;145000;9,4987928;53,560392;75517844-f1fe-430a-8fb9-e505722f9f4b
280;280;SET;Cessna5459;ON;BOTH;0;5.1;307500;77;1150;True;0.1;53.560392;9.4987928;11;False;11;False;145000;207000;145000;9,4987928;53,560392;75517844-f1fe-430a-8fb9-e505722f9f4b
281;281;SET;Cessna5459;ON;BOTH;0;5.1;307500;77;1155;True;0.1;53.560392;9.4987928;11;False;11;False;145000;207000;145000;9,4987928;53,560392;75517844-f1fe-430a-8fb9-e505722f9f4b
282;282;SET;Cessna5459;ON;BOTH;0;5.1;307500;77;1149;True;0.1;53.560392;9.4987928;11;False;11;False;145000;207000;145000;9,4987928;53,560392;75517844-f1fe-430a-8fb9-e505722f9f4b
283;283;SET;Cessna5459;ON;BOTH;0;5.1;307500;77;1143;True;0.1;53.560392;9.4987928;11;False;11;False;145000;207000;145000;9,4987928;53,560392;75517844-f1fe-430a-8fb9-e505722f9f4b
284;284;SET;Cessna5459;ON;BOTH;0;5.1;307500;77;1140;True;0.1;53.560392;9.4987928;11;False;11;False;145000;207000;145000;9,4987928;53,560392;75517844-f1fe-430a-8fb9-e505722f9f4b
285;285;SET;Cessna5459;ON;BOTH;0;5.1;307500;77;1148;True;0.1;53.560392;9.4987928;11;False;11;False;145000;207000;145000;9,4987928;53,560392;75517844-f1fe-430a-8fb9-e505722f9f4b
286;286;SET;Cessna5459;ON;BOTH;0;5.1;307500;77;1141;True;0.1;53.560392;9.4987928;11;False;11;False;145000;207000;145000;9,4987928;53,560392;75517844-f1fe-430a-8fb9-e505722f9f4b
287;287;SET;Cessna5459;ON;BOTH;0;5.1;307500;77;1142;True;0.1;53.560392;9.4987928;11;False;11;False;145000;207000;145000;9,4987928;53,560392;75517844-f1fe-430a-8fb9-e505722f9f4b
288;288;SET;Cessna5459;ON;BOTH;0;5.1;307500;77;1141;True;0.1;53.560392;9.4987928;11;False;11;False;145000;207000;145000;9,4987928;53,560392;75517844-f1fe-430a-8fb9-e505722f9f4b
289;289;SET;Cessna5459;ON;BOTH;0;5.1;307500;77;1156;True;0.1;53.560392;9.4987928;11;False;11;False;145000;207000;145000;9,4987928;53,560392;75517844-f1fe-430a-8fb9-e505722f9f4b
290;290;SET;Cessna5459;ON;BOTH;0;5.1;307500;77;1145;True;0.1;53.560392;9.4987928;11;False;11;False;145000;207000;145000;9,4987928;53,560392;75517844-f1fe-430a-8fb9-e505722f9f4b
291;291;SET;Cessna5459;ON;BOTH;0;5.1;307500;77;1160;True;0.1;53.560392;9.4987928;11;False;11;False;145000;207000;145000;9,4987928;53,560392;75517844-f1fe-430a-8fb9-e505722f9f4b
292;292;SET;Cessna5459;ON;BOTH;0;5.1;307500;77;1148;True;0.1;53.560392;9.4987928;11;False;11;False;145000;207000;145000;9,4987928;53,560392;75517844-f1fe-430a-8fb9-e505722f9f4b
293;293;SET;Cessna5459;ON;BOTH;0;5.1;307500;77;1153;True;0.1;53.560392;9.4987928;11;False;11;False;145000;207000;145000;9,4987928;53,560392;75517844-f1fe-430a-8fb9-e505722f9f4b
294;294;SET;Cessna5459;ON;BOTH;0;5.1;307500;77;1158;True;0.1;53.560392;9.4987928;11;False;11;False;145000;207000;145000;9,4987928;53,560392;75517844-f1fe-430a-8fb9-e505722f9f4b
295;295;SET;Cessna5459;ON;BOTH;0;5.1;307500;77;1149;True;0.1;53.560392;9.4987928;11;False;11;False;145000;207000;145000;9,4987928;53,560392;75517844-f1fe-430a-8fb9-e505722f9f4b
296;296;SET;Cessna5459;ON;BOTH;0;5.1;307500;77;1159;True;0.1;53.560392;9.4987928;11;False;11;False;145000;207000;145000;9,4987928;53,560392;75517844-f1fe-430a-8fb9-e505722f9f4b
297;297;SET;Cessna5459;ON;BOTH;0;5.1;307500;77;1150;True;0.1;53.560392;9.4987928;11;False;11;False;145000;207000;145000;9,4987928;53,560392;75517844-f1fe-430a-8fb9-e505722f9f4b
298;298;SET;Cessna5459;ON;BOTH;0;5.1;307500;77;1140;True;0.1;53.560392;9.4987928;11;False;11;False;145000;207000;145000;9,4987928;53,560392;75517844-f1fe-430a-8fb9-e505722f9f4b
299;299;SET;Cessna5459;ON;BOTH;0;5.1;307500;77;1144;True;0.1;53.560392;9.4987928;11;False;11;False;145000;207000;145000;9,4987928;53,560392;75517844-f1fe-430a-8fb9-e505722f9f4b
300;300;SET;Cessna5459;ON;BOTH;0;5.1;307500;77;1146;True;0.1;53.560392;9.4987928;11;False;11;False;145000;207000;145000;9,4987928;53,560392;75517844-f1fe-430a-8fb9-e505722f9f4b
