Tick;Step;age;current_activity;flight_experience;Latitude;Longitude;state;0_Position;1_Position;ID
0;0;25;;2;53.560392;9.4987928;PreflightInspection;9,4987928;53,560392;5cdf887d-50f4-4d06-b93a-558ace8f494c
1;1;25;Check_TireRightMainWheel__inflation;2;53.560392;9.4987928;PreflightInspection;9,4987928;53,560392;5cdf887d-50f4-4d06-b93a-558ace8f494c
2;2;25;Check_TireRightMainWheel__inflation;2;53.560392;9.4987928;PreflightInspection;9,4987928;53,560392;5cdf887d-50f4-4d06-b93a-558ace8f494c
3;3;25;Check_TireRightMainWheel__inflation;2;53.560392;9.4987928;PreflightInspection;9,4987928;53,560392;5cdf887d-50f4-4d06-b93a-558ace8f494c
4;4;25;Check_TireRightMainWheel__inflation;2;53.560392;9.4987928;PreflightInspection;9,4987928;53,560392;5cdf887d-50f4-4d06-b93a-558ace8f494c
5;5;25;Check_TireRightMainWheel__inflation;2;53.560392;9.4987928;PreflightInspection;9,4987928;53,560392;5cdf887d-50f4-4d06-b93a-558ace8f494c
6;6;25;Check_TireRightMainWheel__inflation;2;53.560392;9.4987928;PreflightInspection;9,4987928;53,560392;5cdf887d-50f4-4d06-b93a-558ace8f494c
7;7;25;Check_TireRightMainWheel__inflation;2;53.560392;9.4987928;PreflightInspection;9,4987928;53,560392;5cdf887d-50f4-4d06-b93a-558ace8f494c
8;8;25;Check_TireRightMainWheel__inflation;2;53.560392;9.4987928;PreflightInspection;9,4987928;53,560392;5cdf887d-50f4-4d06-b93a-558ace8f494c
9;9;25;Check_TireRightMainWheel__inflation;2;53.560392;9.4987928;PreflightInspection;9,4987928;53,560392;5cdf887d-50f4-4d06-b93a-558ace8f494c
10;10;25;Check_TireRightMainWheel__inflation;2;53.560392;9.4987928;PreflightInspection;9,4987928;53,560392;5cdf887d-50f4-4d06-b93a-558ace8f494c
11;11;25;Check_TireRightMainWheel__inflation;2;53.560392;9.4987928;PreflightInspection;9,4987928;53,560392;5cdf887d-50f4-4d06-b93a-558ace8f494c
12;12;25;Check_TireRightMainWheel__inflation;2;53.560392;9.4987928;PreflightInspection;9,4987928;53,560392;5cdf887d-50f4-4d06-b93a-558ace8f494c
13;13;25;Check_RWT__water_sediments;2;53.560392;9.4987928;PreflightInspection;9,4987928;53,560392;5cdf887d-50f4-4d06-b93a-558ace8f494c
14;14;25;Check_RWT__water_sediments;2;53.560392;9.4987928;PreflightInspection;9,4987928;53,560392;5cdf887d-50f4-4d06-b93a-558ace8f494c
15;15;25;Check_RWT__water_sediments;2;53.560392;9.4987928;PreflightInspection;9,4987928;53,560392;5cdf887d-50f4-4d06-b93a-558ace8f494c
16;16;25;Check_RWT__water_sediments;2;53.560392;9.4987928;PreflightInspection;9,4987928;53,560392;5cdf887d-50f4-4d06-b93a-558ace8f494c
17;17;25;Check_RWT__water_sediments;2;53.560392;9.4987928;PreflightInspection;9,4987928;53,560392;5cdf887d-50f4-4d06-b93a-558ace8f494c
18;18;25;Check_RWT__water_sediments;2;53.560392;9.4987928;PreflightInspection;9,4987928;53,560392;5cdf887d-50f4-4d06-b93a-558ace8f494c
19;19;25;Check_RWT__water_sediments;2;53.560392;9.4987928;PreflightInspection;9,4987928;53,560392;5cdf887d-50f4-4d06-b93a-558ace8f494c
20;20;25;Check_RWT__water_sediments;2;53.560392;9.4987928;PreflightInspection;9,4987928;53,560392;5cdf887d-50f4-4d06-b93a-558ace8f494c
21;21;25;Check_RWT__water_sediments;2;53.560392;9.4987928;PreflightInspection;9,4987928;53,560392;5cdf887d-50f4-4d06-b93a-558ace8f494c
22;22;25;Check_RWT__water_sediments;2;53.560392;9.4987928;PreflightInspection;9,4987928;53,560392;5cdf887d-50f4-4d06-b93a-558ace8f494c
23;23;25;Check_RWT__water_sediments;2;53.560392;9.4987928;PreflightInspection;9,4987928;53,560392;5cdf887d-50f4-4d06-b93a-558ace8f494c
24;24;25;Check_RWT__water_sediments;2;53.560392;9.4987928;PreflightInspection;9,4987928;53,560392;5cdf887d-50f4-4d06-b93a-558ace8f494c
25;25;25;Check_RWT__water_sediments;2;53.560392;9.4987928;PreflightInspection;9,4987928;53,560392;5cdf887d-50f4-4d06-b93a-558ace8f494c
26;26;25;Check_RWT__water_sediments;2;53.560392;9.4987928;PreflightInspection;9,4987928;53,560392;5cdf887d-50f4-4d06-b93a-558ace8f494c
27;27;25;Check_RWT__water_sediments;2;53.560392;9.4987928;PreflightInspection;9,4987928;53,560392;5cdf887d-50f4-4d06-b93a-558ace8f494c
28;28;25;Check_RWT__water_sediments;2;53.560392;9.4987928;PreflightInspection;9,4987928;53,560392;5cdf887d-50f4-4d06-b93a-558ace8f494c
29;29;25;Check_RWT__water_sediments;2;53.560392;9.4987928;PreflightInspection;9,4987928;53,560392;5cdf887d-50f4-4d06-b93a-558ace8f494c
30;30;25;Check_RWT__water_sediments;2;53.560392;9.4987928;PreflightInspection;9,4987928;53,560392;5cdf887d-50f4-4d06-b93a-558ace8f494c
31;31;25;Check_RWT__water_sediments;2;53.560392;9.4987928;PreflightInspection;9,4987928;53,560392;5cdf887d-50f4-4d06-b93a-558ace8f494c
32;32;25;Check_RWT__water_sediments;2;53.560392;9.4987928;PreflightInspection;9,4987928;53,560392;5cdf887d-50f4-4d06-b93a-558ace8f494c
33;33;25;Check_RWT__water_sediments;2;53.560392;9.4987928;PreflightInspection;9,4987928;53,560392;5cdf887d-50f4-4d06-b93a-558ace8f494c
34;34;25;Check_RWT__water_sediments;2;53.560392;9.4987928;PreflightInspection;9,4987928;53,560392;5cdf887d-50f4-4d06-b93a-558ace8f494c
35;35;25;Check_RWT__water_sediments;2;53.560392;9.4987928;PreflightInspection;9,4987928;53,560392;5cdf887d-50f4-4d06-b93a-558ace8f494c
36;36;25;Check_RWT__water_sediments;2;53.560392;9.4987928;PreflightInspection;9,4987928;53,560392;5cdf887d-50f4-4d06-b93a-558ace8f494c
37;37;25;Check_RWT__fuel_quantity;2;53.560392;9.4987928;PreflightInspection;9,4987928;53,560392;5cdf887d-50f4-4d06-b93a-558ace8f494c
38;38;25;Check_RWT__fuel_quantity;2;53.560392;9.4987928;PreflightInspection;9,4987928;53,560392;5cdf887d-50f4-4d06-b93a-558ace8f494c
39;39;25;Check_RWT__fuel_quantity;2;53.560392;9.4987928;PreflightInspection;9,4987928;53,560392;5cdf887d-50f4-4d06-b93a-558ace8f494c
40;40;25;Check_RWT__fuel_quantity;2;53.560392;9.4987928;PreflightInspection;9,4987928;53,560392;5cdf887d-50f4-4d06-b93a-558ace8f494c
41;41;25;Check_RWT__fuel_quantity;2;53.560392;9.4987928;PreflightInspection;9,4987928;53,560392;5cdf887d-50f4-4d06-b93a-558ace8f494c
42;42;25;Check_RWT__fuel_quantity;2;53.560392;9.4987928;PreflightInspection;9,4987928;53,560392;5cdf887d-50f4-4d06-b93a-558ace8f494c
43;43;25;Check_RWT__fuel_quantity;2;53.560392;9.4987928;PreflightInspection;9,4987928;53,560392;5cdf887d-50f4-4d06-b93a-558ace8f494c
44;44;25;Check_RWT__fuel_quantity;2;53.560392;9.4987928;PreflightInspection;9,4987928;53,560392;5cdf887d-50f4-4d06-b93a-558ace8f494c
45;45;25;Check_RWT__fuel_quantity;2;53.560392;9.4987928;PreflightInspection;9,4987928;53,560392;5cdf887d-50f4-4d06-b93a-558ace8f494c
46;46;25;Check_RWT__fuel_quantity;2;53.560392;9.4987928;PreflightInspection;9,4987928;53,560392;5cdf887d-50f4-4d06-b93a-558ace8f494c
47;47;25;Check_RWT__fuel_quantity;2;53.560392;9.4987928;PreflightInspection;9,4987928;53,560392;5cdf887d-50f4-4d06-b93a-558ace8f494c
48;48;25;Check_RWT__fuel_quantity;2;53.560392;9.4987928;PreflightInspection;9,4987928;53,560392;5cdf887d-50f4-4d06-b93a-558ace8f494c
49;49;25;Check_RWT__fuel_quantity;2;53.560392;9.4987928;PreflightInspection;9,4987928;53,560392;5cdf887d-50f4-4d06-b93a-558ace8f494c
50;50;25;Check_RWT__fuel_quantity;2;53.560392;9.4987928;PreflightInspection;9,4987928;53,560392;5cdf887d-50f4-4d06-b93a-558ace8f494c
51;51;25;Check_RWT__fuel_quantity;2;53.560392;9.4987928;PreflightInspection;9,4987928;53,560392;5cdf887d-50f4-4d06-b93a-558ace8f494c
52;52;25;Check_RWT__fuel_quantity;2;53.560392;9.4987928;PreflightInspection;9,4987928;53,560392;5cdf887d-50f4-4d06-b93a-558ace8f494c
53;53;25;Check_RWT__fuel_quantity;2;53.560392;9.4987928;PreflightInspection;9,4987928;53,560392;5cdf887d-50f4-4d06-b93a-558ace8f494c
54;54;25;Check_RWT__fuel_quantity;2;53.560392;9.4987928;PreflightInspection;9,4987928;53,560392;5cdf887d-50f4-4d06-b93a-558ace8f494c
55;55;25;Check_RWT__fuel_quantity;2;53.560392;9.4987928;PreflightInspection;9,4987928;53,560392;5cdf887d-50f4-4d06-b93a-558ace8f494c
56;56;25;Check_RWT__fuel_quantity;2;53.560392;9.4987928;PreflightInspection;9,4987928;53,560392;5cdf887d-50f4-4d06-b93a-558ace8f494c
57;57;25;Check_RWT__fuel_quantity;2;53.560392;9.4987928;PreflightInspection;9,4987928;53,560392;5cdf887d-50f4-4d06-b93a-558ace8f494c
58;58;25;Check_RWT__fuel_quantity;2;53.560392;9.4987928;PreflightInspection;9,4987928;53,560392;5cdf887d-50f4-4d06-b93a-558ace8f494c
59;59;25;Check_RWT__fuel_quantity;2;53.560392;9.4987928;PreflightInspection;9,4987928;53,560392;5cdf887d-50f4-4d06-b93a-558ace8f494c
60;60;25;Check_RWT__fuel_quantity;2;53.560392;9.4987928;PreflightInspection;9,4987928;53,560392;5cdf887d-50f4-4d06-b93a-558ace8f494c
61;61;25;Check_RWT__fuel_quantity;2;53.560392;9.4987928;PreflightInspection;9,4987928;53,560392;5cdf887d-50f4-4d06-b93a-558ace8f494c
62;62;25;Check_RWT__fuel_quantity;2;53.560392;9.4987928;PreflightInspection;9,4987928;53,560392;5cdf887d-50f4-4d06-b93a-558ace8f494c
63;63;25;Check_RWT__fuel_quantity;2;53.560392;9.4987928;PreflightInspection;9,4987928;53,560392;5cdf887d-50f4-4d06-b93a-558ace8f494c
64;64;25;Check_RWT__fuel_quantity;2;53.560392;9.4987928;PreflightInspection;9,4987928;53,560392;5cdf887d-50f4-4d06-b93a-558ace8f494c
65;65;25;Check_RWT__fuel_quantity;2;53.560392;9.4987928;PreflightInspection;9,4987928;53,560392;5cdf887d-50f4-4d06-b93a-558ace8f494c
66;66;25;Check_RWT__fuel_quantity;2;53.560392;9.4987928;PreflightInspection;9,4987928;53,560392;5cdf887d-50f4-4d06-b93a-558ace8f494c
67;67;25;Check_RWT__fuel_quantity;2;53.560392;9.4987928;PreflightInspection;9,4987928;53,560392;5cdf887d-50f4-4d06-b93a-558ace8f494c
68;68;25;Check_RWT__fuel_quantity;2;53.560392;9.4987928;PreflightInspection;9,4987928;53,560392;5cdf887d-50f4-4d06-b93a-558ace8f494c
69;69;25;Check_RWT__fuel_quantity;2;53.560392;9.4987928;PreflightInspection;9,4987928;53,560392;5cdf887d-50f4-4d06-b93a-558ace8f494c
70;70;25;Check_RWT__fuel_quantity;2;53.560392;9.4987928;PreflightInspection;9,4987928;53,560392;5cdf887d-50f4-4d06-b93a-558ace8f494c
71;71;25;Check_RWT__fuel_quantity;2;53.560392;9.4987928;PreflightInspection;9,4987928;53,560392;5cdf887d-50f4-4d06-b93a-558ace8f494c
72;72;25;Check_RWT__fuel_quantity;2;53.560392;9.4987928;PreflightInspection;9,4987928;53,560392;5cdf887d-50f4-4d06-b93a-558ace8f494c
73;73;25;Check_RWT__fuel_quantity;2;53.560392;9.4987928;PreflightInspection;9,4987928;53,560392;5cdf887d-50f4-4d06-b93a-558ace8f494c
74;74;25;Check_RWT__fuel_quantity;2;53.560392;9.4987928;PreflightInspection;9,4987928;53,560392;5cdf887d-50f4-4d06-b93a-558ace8f494c
75;75;25;Check_Engine__oil;2;53.560392;9.4987928;PreflightInspection;9,4987928;53,560392;5cdf887d-50f4-4d06-b93a-558ace8f494c
76;76;25;Check_Engine__oil;2;53.560392;9.4987928;PreflightInspection;9,4987928;53,560392;5cdf887d-50f4-4d06-b93a-558ace8f494c
77;77;25;Check_Engine__oil;2;53.560392;9.4987928;PreflightInspection;9,4987928;53,560392;5cdf887d-50f4-4d06-b93a-558ace8f494c
78;78;25;Check_Engine__oil;2;53.560392;9.4987928;PreflightInspection;9,4987928;53,560392;5cdf887d-50f4-4d06-b93a-558ace8f494c
79;79;25;Check_Engine__oil;2;53.560392;9.4987928;PreflightInspection;9,4987928;53,560392;5cdf887d-50f4-4d06-b93a-558ace8f494c
80;80;25;Check_Engine__oil;2;53.560392;9.4987928;PreflightInspection;9,4987928;53,560392;5cdf887d-50f4-4d06-b93a-558ace8f494c
81;81;25;Check_Engine__oil;2;53.560392;9.4987928;PreflightInspection;9,4987928;53,560392;5cdf887d-50f4-4d06-b93a-558ace8f494c
82;82;25;Check_Engine__oil;2;53.560392;9.4987928;PreflightInspection;9,4987928;53,560392;5cdf887d-50f4-4d06-b93a-558ace8f494c
83;83;25;Check_Engine__oil;2;53.560392;9.4987928;PreflightInspection;9,4987928;53,560392;5cdf887d-50f4-4d06-b93a-558ace8f494c
84;84;25;Check_Engine__oil;2;53.560392;9.4987928;PreflightInspection;9,4987928;53,560392;5cdf887d-50f4-4d06-b93a-558ace8f494c
85;85;25;Check_Engine__oil;2;53.560392;9.4987928;PreflightInspection;9,4987928;53,560392;5cdf887d-50f4-4d06-b93a-558ace8f494c
86;86;25;Check_Engine__oil;2;53.560392;9.4987928;PreflightInspection;9,4987928;53,560392;5cdf887d-50f4-4d06-b93a-558ace8f494c
87;87;25;Check_Engine__oil;2;53.560392;9.4987928;PreflightInspection;9,4987928;53,560392;5cdf887d-50f4-4d06-b93a-558ace8f494c
88;88;25;Check_Engine__oil;2;53.560392;9.4987928;PreflightInspection;9,4987928;53,560392;5cdf887d-50f4-4d06-b93a-558ace8f494c
89;89;25;Check_Engine__oil;2;53.560392;9.4987928;PreflightInspection;9,4987928;53,560392;5cdf887d-50f4-4d06-b93a-558ace8f494c
90;90;25;Check_Engine__oil;2;53.560392;9.4987928;PreflightInspection;9,4987928;53,560392;5cdf887d-50f4-4d06-b93a-558ace8f494c
91;91;25;Check_Engine__oil;2;53.560392;9.4987928;PreflightInspection;9,4987928;53,560392;5cdf887d-50f4-4d06-b93a-558ace8f494c
92;92;25;Check_Engine__oil;2;53.560392;9.4987928;PreflightInspection;9,4987928;53,560392;5cdf887d-50f4-4d06-b93a-558ace8f494c
93;93;25;Check_Engine__oil;2;53.560392;9.4987928;PreflightInspection;9,4987928;53,560392;5cdf887d-50f4-4d06-b93a-558ace8f494c
94;94;25;Check_Engine__oil;2;53.560392;9.4987928;PreflightInspection;9,4987928;53,560392;5cdf887d-50f4-4d06-b93a-558ace8f494c
95;95;25;Check_Engine__oil;2;53.560392;9.4987928;PreflightInspection;9,4987928;53,560392;5cdf887d-50f4-4d06-b93a-558ace8f494c
96;96;25;Check_Engine__oil;2;53.560392;9.4987928;PreflightInspection;9,4987928;53,560392;5cdf887d-50f4-4d06-b93a-558ace8f494c
97;97;25;Check_Engine__oil;2;53.560392;9.4987928;PreflightInspection;9,4987928;53,560392;5cdf887d-50f4-4d06-b93a-558ace8f494c
98;98;25;Check_Engine__oil;2;53.560392;9.4987928;PreflightInspection;9,4987928;53,560392;5cdf887d-50f4-4d06-b93a-558ace8f494c
99;99;25;Check_Engine__oil;2;53.560392;9.4987928;PreflightInspection;9,4987928;53,560392;5cdf887d-50f4-4d06-b93a-558ace8f494c
100;100;25;Check_Engine__oil;2;53.560392;9.4987928;PreflightInspection;9,4987928;53,560392;5cdf887d-50f4-4d06-b93a-558ace8f494c
101;101;25;Check_Engine__oil;2;53.560392;9.4987928;PreflightInspection;9,4987928;53,560392;5cdf887d-50f4-4d06-b93a-558ace8f494c
102;102;25;Check_TireNoseWheel__inflation;2;53.560392;9.4987928;PreflightInspection;9,4987928;53,560392;5cdf887d-50f4-4d06-b93a-558ace8f494c
103;103;25;Check_TireNoseWheel__inflation;2;53.560392;9.4987928;PreflightInspection;9,4987928;53,560392;5cdf887d-50f4-4d06-b93a-558ace8f494c
104;104;25;Check_TireNoseWheel__inflation;2;53.560392;9.4987928;PreflightInspection;9,4987928;53,560392;5cdf887d-50f4-4d06-b93a-558ace8f494c
105;105;25;Check_TireNoseWheel__inflation;2;53.560392;9.4987928;PreflightInspection;9,4987928;53,560392;5cdf887d-50f4-4d06-b93a-558ace8f494c
106;106;25;Check_TireNoseWheel__inflation;2;53.560392;9.4987928;PreflightInspection;9,4987928;53,560392;5cdf887d-50f4-4d06-b93a-558ace8f494c
107;107;25;Check_TireNoseWheel__inflation;2;53.560392;9.4987928;PreflightInspection;9,4987928;53,560392;5cdf887d-50f4-4d06-b93a-558ace8f494c
108;108;25;Check_TireNoseWheel__inflation;2;53.560392;9.4987928;PreflightInspection;9,4987928;53,560392;5cdf887d-50f4-4d06-b93a-558ace8f494c
109;109;25;Check_TireNoseWheel__inflation;2;53.560392;9.4987928;PreflightInspection;9,4987928;53,560392;5cdf887d-50f4-4d06-b93a-558ace8f494c
110;110;25;Check_TireNoseWheel__inflation;2;53.560392;9.4987928;PreflightInspection;9,4987928;53,560392;5cdf887d-50f4-4d06-b93a-558ace8f494c
111;111;25;Check_TireNoseWheel__inflation;2;53.560392;9.4987928;PreflightInspection;9,4987928;53,560392;5cdf887d-50f4-4d06-b93a-558ace8f494c
112;112;25;Check_TireNoseWheel__inflation;2;53.560392;9.4987928;PreflightInspection;9,4987928;53,560392;5cdf887d-50f4-4d06-b93a-558ace8f494c
113;113;25;Check_TireNoseWheel__inflation;2;53.560392;9.4987928;PreflightInspection;9,4987928;53,560392;5cdf887d-50f4-4d06-b93a-558ace8f494c
114;114;25;Check_TireNoseWheel__inflation;2;53.560392;9.4987928;PreflightInspection;9,4987928;53,560392;5cdf887d-50f4-4d06-b93a-558ace8f494c
115;115;25;Check_TireLeftMainWheel__inflation;2;53.560392;9.4987928;PreflightInspection;9,4987928;53,560392;5cdf887d-50f4-4d06-b93a-558ace8f494c
116;116;25;Check_TireLeftMainWheel__inflation;2;53.560392;9.4987928;PreflightInspection;9,4987928;53,560392;5cdf887d-50f4-4d06-b93a-558ace8f494c
117;117;25;Check_TireLeftMainWheel__inflation;2;53.560392;9.4987928;PreflightInspection;9,4987928;53,560392;5cdf887d-50f4-4d06-b93a-558ace8f494c
118;118;25;Check_TireLeftMainWheel__inflation;2;53.560392;9.4987928;PreflightInspection;9,4987928;53,560392;5cdf887d-50f4-4d06-b93a-558ace8f494c
119;119;25;Check_TireLeftMainWheel__inflation;2;53.560392;9.4987928;PreflightInspection;9,4987928;53,560392;5cdf887d-50f4-4d06-b93a-558ace8f494c
120;120;25;Check_TireLeftMainWheel__inflation;2;53.560392;9.4987928;PreflightInspection;9,4987928;53,560392;5cdf887d-50f4-4d06-b93a-558ace8f494c
121;121;25;Check_TireLeftMainWheel__inflation;2;53.560392;9.4987928;PreflightInspection;9,4987928;53,560392;5cdf887d-50f4-4d06-b93a-558ace8f494c
122;122;25;Check_TireLeftMainWheel__inflation;2;53.560392;9.4987928;PreflightInspection;9,4987928;53,560392;5cdf887d-50f4-4d06-b93a-558ace8f494c
123;123;25;Check_TireLeftMainWheel__inflation;2;53.560392;9.4987928;PreflightInspection;9,4987928;53,560392;5cdf887d-50f4-4d06-b93a-558ace8f494c
124;124;25;Check_TireLeftMainWheel__inflation;2;53.560392;9.4987928;PreflightInspection;9,4987928;53,560392;5cdf887d-50f4-4d06-b93a-558ace8f494c
125;125;25;Check_LWT__water_sediments;2;53.560392;9.4987928;PreflightInspection;9,4987928;53,560392;5cdf887d-50f4-4d06-b93a-558ace8f494c
126;126;25;Check_LWT__water_sediments;2;53.560392;9.4987928;PreflightInspection;9,4987928;53,560392;5cdf887d-50f4-4d06-b93a-558ace8f494c
127;127;25;Check_LWT__water_sediments;2;53.560392;9.4987928;PreflightInspection;9,4987928;53,560392;5cdf887d-50f4-4d06-b93a-558ace8f494c
128;128;25;Check_LWT__water_sediments;2;53.560392;9.4987928;PreflightInspection;9,4987928;53,560392;5cdf887d-50f4-4d06-b93a-558ace8f494c
129;129;25;Check_LWT__water_sediments;2;53.560392;9.4987928;PreflightInspection;9,4987928;53,560392;5cdf887d-50f4-4d06-b93a-558ace8f494c
130;130;25;Check_LWT__water_sediments;2;53.560392;9.4987928;PreflightInspection;9,4987928;53,560392;5cdf887d-50f4-4d06-b93a-558ace8f494c
131;131;25;Check_LWT__water_sediments;2;53.560392;9.4987928;PreflightInspection;9,4987928;53,560392;5cdf887d-50f4-4d06-b93a-558ace8f494c
132;132;25;Check_LWT__water_sediments;2;53.560392;9.4987928;PreflightInspection;9,4987928;53,560392;5cdf887d-50f4-4d06-b93a-558ace8f494c
133;133;25;Check_LWT__water_sediments;2;53.560392;9.4987928;PreflightInspection;9,4987928;53,560392;5cdf887d-50f4-4d06-b93a-558ace8f494c
134;134;25;Check_LWT__water_sediments;2;53.560392;9.4987928;PreflightInspection;9,4987928;53,560392;5cdf887d-50f4-4d06-b93a-558ace8f494c
135;135;25;Check_LWT__water_sediments;2;53.560392;9.4987928;PreflightInspection;9,4987928;53,560392;5cdf887d-50f4-4d06-b93a-558ace8f494c
136;136;25;Check_LWT__water_sediments;2;53.560392;9.4987928;PreflightInspection;9,4987928;53,560392;5cdf887d-50f4-4d06-b93a-558ace8f494c
137;137;25;Check_LWT__water_sediments;2;53.560392;9.4987928;PreflightInspection;9,4987928;53,560392;5cdf887d-50f4-4d06-b93a-558ace8f494c
138;138;25;Check_LWT__water_sediments;2;53.560392;9.4987928;PreflightInspection;9,4987928;53,560392;5cdf887d-50f4-4d06-b93a-558ace8f494c
139;139;25;Check_LWT__water_sediments;2;53.560392;9.4987928;PreflightInspection;9,4987928;53,560392;5cdf887d-50f4-4d06-b93a-558ace8f494c
140;140;25;Check_LWT__water_sediments;2;53.560392;9.4987928;PreflightInspection;9,4987928;53,560392;5cdf887d-50f4-4d06-b93a-558ace8f494c
141;141;25;Check_LWT__water_sediments;2;53.560392;9.4987928;PreflightInspection;9,4987928;53,560392;5cdf887d-50f4-4d06-b93a-558ace8f494c
142;142;25;Check_LWT__water_sediments;2;53.560392;9.4987928;PreflightInspection;9,4987928;53,560392;5cdf887d-50f4-4d06-b93a-558ace8f494c
143;143;25;Check_LWT__water_sediments;2;53.560392;9.4987928;PreflightInspection;9,4987928;53,560392;5cdf887d-50f4-4d06-b93a-558ace8f494c
144;144;25;Check_LWT__water_sediments;2;53.560392;9.4987928;PreflightInspection;9,4987928;53,560392;5cdf887d-50f4-4d06-b93a-558ace8f494c
145;145;25;Check_LWT__water_sediments;2;53.560392;9.4987928;PreflightInspection;9,4987928;53,560392;5cdf887d-50f4-4d06-b93a-558ace8f494c
146;146;25;Check_LWT__water_sediments;2;53.560392;9.4987928;PreflightInspection;9,4987928;53,560392;5cdf887d-50f4-4d06-b93a-558ace8f494c
147;147;25;Check_LWT__fuel_quantity;2;53.560392;9.4987928;PreflightInspection;9,4987928;53,560392;5cdf887d-50f4-4d06-b93a-558ace8f494c
148;148;25;Check_LWT__fuel_quantity;2;53.560392;9.4987928;PreflightInspection;9,4987928;53,560392;5cdf887d-50f4-4d06-b93a-558ace8f494c
149;149;25;Check_LWT__fuel_quantity;2;53.560392;9.4987928;PreflightInspection;9,4987928;53,560392;5cdf887d-50f4-4d06-b93a-558ace8f494c
150;150;25;Check_LWT__fuel_quantity;2;53.560392;9.4987928;PreflightInspection;9,4987928;53,560392;5cdf887d-50f4-4d06-b93a-558ace8f494c
151;151;25;Check_LWT__fuel_quantity;2;53.560392;9.4987928;PreflightInspection;9,4987928;53,560392;5cdf887d-50f4-4d06-b93a-558ace8f494c
152;152;25;Check_LWT__fuel_quantity;2;53.560392;9.4987928;PreflightInspection;9,4987928;53,560392;5cdf887d-50f4-4d06-b93a-558ace8f494c
153;153;25;Check_LWT__fuel_quantity;2;53.560392;9.4987928;PreflightInspection;9,4987928;53,560392;5cdf887d-50f4-4d06-b93a-558ace8f494c
154;154;25;Check_LWT__fuel_quantity;2;53.560392;9.4987928;PreflightInspection;9,4987928;53,560392;5cdf887d-50f4-4d06-b93a-558ace8f494c
155;155;25;Check_LWT__fuel_quantity;2;53.560392;9.4987928;PreflightInspection;9,4987928;53,560392;5cdf887d-50f4-4d06-b93a-558ace8f494c
156;156;25;Check_LWT__fuel_quantity;2;53.560392;9.4987928;PreflightInspection;9,4987928;53,560392;5cdf887d-50f4-4d06-b93a-558ace8f494c
157;157;25;Check_LWT__fuel_quantity;2;53.560392;9.4987928;PreflightInspection;9,4987928;53,560392;5cdf887d-50f4-4d06-b93a-558ace8f494c
158;158;25;Check_LWT__fuel_quantity;2;53.560392;9.4987928;PreflightInspection;9,4987928;53,560392;5cdf887d-50f4-4d06-b93a-558ace8f494c
159;159;25;Check_LWT__fuel_quantity;2;53.560392;9.4987928;PreflightInspection;9,4987928;53,560392;5cdf887d-50f4-4d06-b93a-558ace8f494c
160;160;25;Check_LWT__fuel_quantity;2;53.560392;9.4987928;PreflightInspection;9,4987928;53,560392;5cdf887d-50f4-4d06-b93a-558ace8f494c
161;161;25;Check_LWT__fuel_quantity;2;53.560392;9.4987928;PreflightInspection;9,4987928;53,560392;5cdf887d-50f4-4d06-b93a-558ace8f494c
162;162;25;Check_LWT__fuel_quantity;2;53.560392;9.4987928;PreflightInspection;9,4987928;53,560392;5cdf887d-50f4-4d06-b93a-558ace8f494c
163;163;25;Check_LWT__fuel_quantity;2;53.560392;9.4987928;PreflightInspection;9,4987928;53,560392;5cdf887d-50f4-4d06-b93a-558ace8f494c
164;164;25;Check_LWT__fuel_quantity;2;53.560392;9.4987928;PreflightInspection;9,4987928;53,560392;5cdf887d-50f4-4d06-b93a-558ace8f494c
165;165;25;Check_LWT__fuel_quantity;2;53.560392;9.4987928;PreflightInspection;9,4987928;53,560392;5cdf887d-50f4-4d06-b93a-558ace8f494c
166;166;25;Check_LWT__fuel_quantity;2;53.560392;9.4987928;PreflightInspection;9,4987928;53,560392;5cdf887d-50f4-4d06-b93a-558ace8f494c
167;167;25;End_of_Actions;2;53.560392;9.4987928;my_second_state;9,4987928;53,560392;5cdf887d-50f4-4d06-b93a-558ace8f494c
168;168;25;End_of_Actions;2;53.560392;9.4987928;my_second_state;9,4987928;53,560392;5cdf887d-50f4-4d06-b93a-558ace8f494c
169;169;25;End_of_Actions;2;53.560392;9.4987928;my_second_state;9,4987928;53,560392;5cdf887d-50f4-4d06-b93a-558ace8f494c
170;170;25;End_of_Actions;2;53.560392;9.4987928;my_second_state;9,4987928;53,560392;5cdf887d-50f4-4d06-b93a-558ace8f494c
171;171;25;End_of_Actions;2;53.560392;9.4987928;my_second_state;9,4987928;53,560392;5cdf887d-50f4-4d06-b93a-558ace8f494c
172;172;25;End_of_Actions;2;53.560392;9.4987928;my_second_state;9,4987928;53,560392;5cdf887d-50f4-4d06-b93a-558ace8f494c
173;173;25;End_of_Actions;2;53.560392;9.4987928;my_second_state;9,4987928;53,560392;5cdf887d-50f4-4d06-b93a-558ace8f494c
174;174;25;End_of_Actions;2;53.560392;9.4987928;my_second_state;9,4987928;53,560392;5cdf887d-50f4-4d06-b93a-558ace8f494c
175;175;25;End_of_Actions;2;53.560392;9.4987928;my_second_state;9,4987928;53,560392;5cdf887d-50f4-4d06-b93a-558ace8f494c
176;176;25;End_of_Actions;2;53.560392;9.4987928;my_second_state;9,4987928;53,560392;5cdf887d-50f4-4d06-b93a-558ace8f494c
177;177;25;End_of_Actions;2;53.560392;9.4987928;my_second_state;9,4987928;53,560392;5cdf887d-50f4-4d06-b93a-558ace8f494c
178;178;25;End_of_Actions;2;53.560392;9.4987928;my_second_state;9,4987928;53,560392;5cdf887d-50f4-4d06-b93a-558ace8f494c
179;179;25;End_of_Actions;2;53.560392;9.4987928;my_second_state;9,4987928;53,560392;5cdf887d-50f4-4d06-b93a-558ace8f494c
180;180;25;End_of_Actions;2;53.560392;9.4987928;my_second_state;9,4987928;53,560392;5cdf887d-50f4-4d06-b93a-558ace8f494c
181;181;25;End_of_Actions;2;53.560392;9.4987928;my_second_state;9,4987928;53,560392;5cdf887d-50f4-4d06-b93a-558ace8f494c
182;182;25;End_of_Actions;2;53.560392;9.4987928;my_second_state;9,4987928;53,560392;5cdf887d-50f4-4d06-b93a-558ace8f494c
183;183;25;End_of_Actions;2;53.560392;9.4987928;my_second_state;9,4987928;53,560392;5cdf887d-50f4-4d06-b93a-558ace8f494c
184;184;25;End_of_Actions;2;53.560392;9.4987928;my_second_state;9,4987928;53,560392;5cdf887d-50f4-4d06-b93a-558ace8f494c
185;185;25;End_of_Actions;2;53.560392;9.4987928;my_second_state;9,4987928;53,560392;5cdf887d-50f4-4d06-b93a-558ace8f494c
186;186;25;End_of_Actions;2;53.560392;9.4987928;my_second_state;9,4987928;53,560392;5cdf887d-50f4-4d06-b93a-558ace8f494c
187;187;25;End_of_Actions;2;53.560392;9.4987928;my_second_state;9,4987928;53,560392;5cdf887d-50f4-4d06-b93a-558ace8f494c
188;188;25;End_of_Actions;2;53.560392;9.4987928;my_second_state;9,4987928;53,560392;5cdf887d-50f4-4d06-b93a-558ace8f494c
189;189;25;End_of_Actions;2;53.560392;9.4987928;my_second_state;9,4987928;53,560392;5cdf887d-50f4-4d06-b93a-558ace8f494c
190;190;25;End_of_Actions;2;53.560392;9.4987928;my_second_state;9,4987928;53,560392;5cdf887d-50f4-4d06-b93a-558ace8f494c
191;191;25;End_of_Actions;2;53.560392;9.4987928;my_second_state;9,4987928;53,560392;5cdf887d-50f4-4d06-b93a-558ace8f494c
192;192;25;End_of_Actions;2;53.560392;9.4987928;my_second_state;9,4987928;53,560392;5cdf887d-50f4-4d06-b93a-558ace8f494c
193;193;25;End_of_Actions;2;53.560392;9.4987928;my_second_state;9,4987928;53,560392;5cdf887d-50f4-4d06-b93a-558ace8f494c
194;194;25;End_of_Actions;2;53.560392;9.4987928;my_second_state;9,4987928;53,560392;5cdf887d-50f4-4d06-b93a-558ace8f494c
195;195;25;End_of_Actions;2;53.560392;9.4987928;my_second_state;9,4987928;53,560392;5cdf887d-50f4-4d06-b93a-558ace8f494c
196;196;25;End_of_Actions;2;53.560392;9.4987928;my_second_state;9,4987928;53,560392;5cdf887d-50f4-4d06-b93a-558ace8f494c
197;197;25;End_of_Actions;2;53.560392;9.4987928;my_second_state;9,4987928;53,560392;5cdf887d-50f4-4d06-b93a-558ace8f494c
198;198;25;End_of_Actions;2;53.560392;9.4987928;my_second_state;9,4987928;53,560392;5cdf887d-50f4-4d06-b93a-558ace8f494c
199;199;25;End_of_Actions;2;53.560392;9.4987928;my_second_state;9,4987928;53,560392;5cdf887d-50f4-4d06-b93a-558ace8f494c
200;200;25;End_of_Actions;2;53.560392;9.4987928;my_second_state;9,4987928;53,560392;5cdf887d-50f4-4d06-b93a-558ace8f494c
201;201;25;End_of_Actions;2;53.560392;9.4987928;my_second_state;9,4987928;53,560392;5cdf887d-50f4-4d06-b93a-558ace8f494c
202;202;25;End_of_Actions;2;53.560392;9.4987928;my_second_state;9,4987928;53,560392;5cdf887d-50f4-4d06-b93a-558ace8f494c
203;203;25;End_of_Actions;2;53.560392;9.4987928;my_second_state;9,4987928;53,560392;5cdf887d-50f4-4d06-b93a-558ace8f494c
204;204;25;End_of_Actions;2;53.560392;9.4987928;my_second_state;9,4987928;53,560392;5cdf887d-50f4-4d06-b93a-558ace8f494c
205;205;25;End_of_Actions;2;53.560392;9.4987928;my_second_state;9,4987928;53,560392;5cdf887d-50f4-4d06-b93a-558ace8f494c
206;206;25;End_of_Actions;2;53.560392;9.4987928;my_second_state;9,4987928;53,560392;5cdf887d-50f4-4d06-b93a-558ace8f494c
207;207;25;End_of_Actions;2;53.560392;9.4987928;my_second_state;9,4987928;53,560392;5cdf887d-50f4-4d06-b93a-558ace8f494c
208;208;25;End_of_Actions;2;53.560392;9.4987928;my_second_state;9,4987928;53,560392;5cdf887d-50f4-4d06-b93a-558ace8f494c
209;209;25;End_of_Actions;2;53.560392;9.4987928;my_second_state;9,4987928;53,560392;5cdf887d-50f4-4d06-b93a-558ace8f494c
210;210;25;End_of_Actions;2;53.560392;9.4987928;my_second_state;9,4987928;53,560392;5cdf887d-50f4-4d06-b93a-558ace8f494c
211;211;25;End_of_Actions;2;53.560392;9.4987928;my_second_state;9,4987928;53,560392;5cdf887d-50f4-4d06-b93a-558ace8f494c
212;212;25;End_of_Actions;2;53.560392;9.4987928;my_second_state;9,4987928;53,560392;5cdf887d-50f4-4d06-b93a-558ace8f494c
213;213;25;End_of_Actions;2;53.560392;9.4987928;my_second_state;9,4987928;53,560392;5cdf887d-50f4-4d06-b93a-558ace8f494c
214;214;25;End_of_Actions;2;53.560392;9.4987928;my_second_state;9,4987928;53,560392;5cdf887d-50f4-4d06-b93a-558ace8f494c
215;215;25;End_of_Actions;2;53.560392;9.4987928;my_second_state;9,4987928;53,560392;5cdf887d-50f4-4d06-b93a-558ace8f494c
216;216;25;End_of_Actions;2;53.560392;9.4987928;my_second_state;9,4987928;53,560392;5cdf887d-50f4-4d06-b93a-558ace8f494c
217;217;25;End_of_Actions;2;53.560392;9.4987928;my_second_state;9,4987928;53,560392;5cdf887d-50f4-4d06-b93a-558ace8f494c
218;218;25;End_of_Actions;2;53.560392;9.4987928;my_second_state;9,4987928;53,560392;5cdf887d-50f4-4d06-b93a-558ace8f494c
219;219;25;End_of_Actions;2;53.560392;9.4987928;my_second_state;9,4987928;53,560392;5cdf887d-50f4-4d06-b93a-558ace8f494c
220;220;25;End_of_Actions;2;53.560392;9.4987928;my_second_state;9,4987928;53,560392;5cdf887d-50f4-4d06-b93a-558ace8f494c
221;221;25;End_of_Actions;2;53.560392;9.4987928;my_second_state;9,4987928;53,560392;5cdf887d-50f4-4d06-b93a-558ace8f494c
222;222;25;End_of_Actions;2;53.560392;9.4987928;my_second_state;9,4987928;53,560392;5cdf887d-50f4-4d06-b93a-558ace8f494c
223;223;25;End_of_Actions;2;53.560392;9.4987928;my_second_state;9,4987928;53,560392;5cdf887d-50f4-4d06-b93a-558ace8f494c
224;224;25;End_of_Actions;2;53.560392;9.4987928;my_second_state;9,4987928;53,560392;5cdf887d-50f4-4d06-b93a-558ace8f494c
225;225;25;End_of_Actions;2;53.560392;9.4987928;my_second_state;9,4987928;53,560392;5cdf887d-50f4-4d06-b93a-558ace8f494c
226;226;25;End_of_Actions;2;53.560392;9.4987928;my_second_state;9,4987928;53,560392;5cdf887d-50f4-4d06-b93a-558ace8f494c
227;227;25;End_of_Actions;2;53.560392;9.4987928;my_second_state;9,4987928;53,560392;5cdf887d-50f4-4d06-b93a-558ace8f494c
228;228;25;End_of_Actions;2;53.560392;9.4987928;my_second_state;9,4987928;53,560392;5cdf887d-50f4-4d06-b93a-558ace8f494c
229;229;25;End_of_Actions;2;53.560392;9.4987928;my_second_state;9,4987928;53,560392;5cdf887d-50f4-4d06-b93a-558ace8f494c
230;230;25;End_of_Actions;2;53.560392;9.4987928;my_second_state;9,4987928;53,560392;5cdf887d-50f4-4d06-b93a-558ace8f494c
231;231;25;End_of_Actions;2;53.560392;9.4987928;my_second_state;9,4987928;53,560392;5cdf887d-50f4-4d06-b93a-558ace8f494c
232;232;25;End_of_Actions;2;53.560392;9.4987928;my_second_state;9,4987928;53,560392;5cdf887d-50f4-4d06-b93a-558ace8f494c
233;233;25;End_of_Actions;2;53.560392;9.4987928;my_second_state;9,4987928;53,560392;5cdf887d-50f4-4d06-b93a-558ace8f494c
234;234;25;End_of_Actions;2;53.560392;9.4987928;my_second_state;9,4987928;53,560392;5cdf887d-50f4-4d06-b93a-558ace8f494c
235;235;25;End_of_Actions;2;53.560392;9.4987928;my_second_state;9,4987928;53,560392;5cdf887d-50f4-4d06-b93a-558ace8f494c
236;236;25;End_of_Actions;2;53.560392;9.4987928;my_second_state;9,4987928;53,560392;5cdf887d-50f4-4d06-b93a-558ace8f494c
237;237;25;End_of_Actions;2;53.560392;9.4987928;my_second_state;9,4987928;53,560392;5cdf887d-50f4-4d06-b93a-558ace8f494c
238;238;25;End_of_Actions;2;53.560392;9.4987928;my_second_state;9,4987928;53,560392;5cdf887d-50f4-4d06-b93a-558ace8f494c
239;239;25;End_of_Actions;2;53.560392;9.4987928;my_second_state;9,4987928;53,560392;5cdf887d-50f4-4d06-b93a-558ace8f494c
240;240;25;End_of_Actions;2;53.560392;9.4987928;my_second_state;9,4987928;53,560392;5cdf887d-50f4-4d06-b93a-558ace8f494c
241;241;25;End_of_Actions;2;53.560392;9.4987928;my_second_state;9,4987928;53,560392;5cdf887d-50f4-4d06-b93a-558ace8f494c
242;242;25;End_of_Actions;2;53.560392;9.4987928;my_second_state;9,4987928;53,560392;5cdf887d-50f4-4d06-b93a-558ace8f494c
243;243;25;End_of_Actions;2;53.560392;9.4987928;my_second_state;9,4987928;53,560392;5cdf887d-50f4-4d06-b93a-558ace8f494c
244;244;25;End_of_Actions;2;53.560392;9.4987928;my_second_state;9,4987928;53,560392;5cdf887d-50f4-4d06-b93a-558ace8f494c
245;245;25;End_of_Actions;2;53.560392;9.4987928;my_second_state;9,4987928;53,560392;5cdf887d-50f4-4d06-b93a-558ace8f494c
246;246;25;End_of_Actions;2;53.560392;9.4987928;my_second_state;9,4987928;53,560392;5cdf887d-50f4-4d06-b93a-558ace8f494c
247;247;25;End_of_Actions;2;53.560392;9.4987928;my_second_state;9,4987928;53,560392;5cdf887d-50f4-4d06-b93a-558ace8f494c
248;248;25;End_of_Actions;2;53.560392;9.4987928;my_second_state;9,4987928;53,560392;5cdf887d-50f4-4d06-b93a-558ace8f494c
249;249;25;End_of_Actions;2;53.560392;9.4987928;my_second_state;9,4987928;53,560392;5cdf887d-50f4-4d06-b93a-558ace8f494c
250;250;25;End_of_Actions;2;53.560392;9.4987928;my_second_state;9,4987928;53,560392;5cdf887d-50f4-4d06-b93a-558ace8f494c
251;251;25;End_of_Actions;2;53.560392;9.4987928;my_second_state;9,4987928;53,560392;5cdf887d-50f4-4d06-b93a-558ace8f494c
252;252;25;End_of_Actions;2;53.560392;9.4987928;my_second_state;9,4987928;53,560392;5cdf887d-50f4-4d06-b93a-558ace8f494c
253;253;25;End_of_Actions;2;53.560392;9.4987928;my_second_state;9,4987928;53,560392;5cdf887d-50f4-4d06-b93a-558ace8f494c
254;254;25;End_of_Actions;2;53.560392;9.4987928;my_second_state;9,4987928;53,560392;5cdf887d-50f4-4d06-b93a-558ace8f494c
255;255;25;End_of_Actions;2;53.560392;9.4987928;my_second_state;9,4987928;53,560392;5cdf887d-50f4-4d06-b93a-558ace8f494c
256;256;25;End_of_Actions;2;53.560392;9.4987928;my_second_state;9,4987928;53,560392;5cdf887d-50f4-4d06-b93a-558ace8f494c
257;257;25;End_of_Actions;2;53.560392;9.4987928;my_second_state;9,4987928;53,560392;5cdf887d-50f4-4d06-b93a-558ace8f494c
258;258;25;End_of_Actions;2;53.560392;9.4987928;my_second_state;9,4987928;53,560392;5cdf887d-50f4-4d06-b93a-558ace8f494c
259;259;25;End_of_Actions;2;53.560392;9.4987928;my_second_state;9,4987928;53,560392;5cdf887d-50f4-4d06-b93a-558ace8f494c
260;260;25;End_of_Actions;2;53.560392;9.4987928;my_second_state;9,4987928;53,560392;5cdf887d-50f4-4d06-b93a-558ace8f494c
261;261;25;End_of_Actions;2;53.560392;9.4987928;my_second_state;9,4987928;53,560392;5cdf887d-50f4-4d06-b93a-558ace8f494c
262;262;25;End_of_Actions;2;53.560392;9.4987928;my_second_state;9,4987928;53,560392;5cdf887d-50f4-4d06-b93a-558ace8f494c
263;263;25;End_of_Actions;2;53.560392;9.4987928;my_second_state;9,4987928;53,560392;5cdf887d-50f4-4d06-b93a-558ace8f494c
264;264;25;End_of_Actions;2;53.560392;9.4987928;my_second_state;9,4987928;53,560392;5cdf887d-50f4-4d06-b93a-558ace8f494c
265;265;25;End_of_Actions;2;53.560392;9.4987928;my_second_state;9,4987928;53,560392;5cdf887d-50f4-4d06-b93a-558ace8f494c
266;266;25;End_of_Actions;2;53.560392;9.4987928;my_second_state;9,4987928;53,560392;5cdf887d-50f4-4d06-b93a-558ace8f494c
267;267;25;End_of_Actions;2;53.560392;9.4987928;my_second_state;9,4987928;53,560392;5cdf887d-50f4-4d06-b93a-558ace8f494c
268;268;25;End_of_Actions;2;53.560392;9.4987928;my_second_state;9,4987928;53,560392;5cdf887d-50f4-4d06-b93a-558ace8f494c
269;269;25;End_of_Actions;2;53.560392;9.4987928;my_second_state;9,4987928;53,560392;5cdf887d-50f4-4d06-b93a-558ace8f494c
270;270;25;End_of_Actions;2;53.560392;9.4987928;my_second_state;9,4987928;53,560392;5cdf887d-50f4-4d06-b93a-558ace8f494c
271;271;25;End_of_Actions;2;53.560392;9.4987928;my_second_state;9,4987928;53,560392;5cdf887d-50f4-4d06-b93a-558ace8f494c
272;272;25;End_of_Actions;2;53.560392;9.4987928;my_second_state;9,4987928;53,560392;5cdf887d-50f4-4d06-b93a-558ace8f494c
273;273;25;End_of_Actions;2;53.560392;9.4987928;my_second_state;9,4987928;53,560392;5cdf887d-50f4-4d06-b93a-558ace8f494c
274;274;25;End_of_Actions;2;53.560392;9.4987928;my_second_state;9,4987928;53,560392;5cdf887d-50f4-4d06-b93a-558ace8f494c
275;275;25;End_of_Actions;2;53.560392;9.4987928;my_second_state;9,4987928;53,560392;5cdf887d-50f4-4d06-b93a-558ace8f494c
276;276;25;End_of_Actions;2;53.560392;9.4987928;my_second_state;9,4987928;53,560392;5cdf887d-50f4-4d06-b93a-558ace8f494c
277;277;25;End_of_Actions;2;53.560392;9.4987928;my_second_state;9,4987928;53,560392;5cdf887d-50f4-4d06-b93a-558ace8f494c
278;278;25;End_of_Actions;2;53.560392;9.4987928;my_second_state;9,4987928;53,560392;5cdf887d-50f4-4d06-b93a-558ace8f494c
279;279;25;End_of_Actions;2;53.560392;9.4987928;my_second_state;9,4987928;53,560392;5cdf887d-50f4-4d06-b93a-558ace8f494c
280;280;25;End_of_Actions;2;53.560392;9.4987928;my_second_state;9,4987928;53,560392;5cdf887d-50f4-4d06-b93a-558ace8f494c
281;281;25;End_of_Actions;2;53.560392;9.4987928;my_second_state;9,4987928;53,560392;5cdf887d-50f4-4d06-b93a-558ace8f494c
282;282;25;End_of_Actions;2;53.560392;9.4987928;my_second_state;9,4987928;53,560392;5cdf887d-50f4-4d06-b93a-558ace8f494c
283;283;25;End_of_Actions;2;53.560392;9.4987928;my_second_state;9,4987928;53,560392;5cdf887d-50f4-4d06-b93a-558ace8f494c
284;284;25;End_of_Actions;2;53.560392;9.4987928;my_second_state;9,4987928;53,560392;5cdf887d-50f4-4d06-b93a-558ace8f494c
285;285;25;End_of_Actions;2;53.560392;9.4987928;my_second_state;9,4987928;53,560392;5cdf887d-50f4-4d06-b93a-558ace8f494c
286;286;25;End_of_Actions;2;53.560392;9.4987928;my_second_state;9,4987928;53,560392;5cdf887d-50f4-4d06-b93a-558ace8f494c
287;287;25;End_of_Actions;2;53.560392;9.4987928;my_second_state;9,4987928;53,560392;5cdf887d-50f4-4d06-b93a-558ace8f494c
288;288;25;End_of_Actions;2;53.560392;9.4987928;my_second_state;9,4987928;53,560392;5cdf887d-50f4-4d06-b93a-558ace8f494c
289;289;25;End_of_Actions;2;53.560392;9.4987928;my_second_state;9,4987928;53,560392;5cdf887d-50f4-4d06-b93a-558ace8f494c
290;290;25;End_of_Actions;2;53.560392;9.4987928;my_second_state;9,4987928;53,560392;5cdf887d-50f4-4d06-b93a-558ace8f494c
291;291;25;End_of_Actions;2;53.560392;9.4987928;my_second_state;9,4987928;53,560392;5cdf887d-50f4-4d06-b93a-558ace8f494c
292;292;25;End_of_Actions;2;53.560392;9.4987928;my_second_state;9,4987928;53,560392;5cdf887d-50f4-4d06-b93a-558ace8f494c
293;293;25;End_of_Actions;2;53.560392;9.4987928;my_second_state;9,4987928;53,560392;5cdf887d-50f4-4d06-b93a-558ace8f494c
294;294;25;End_of_Actions;2;53.560392;9.4987928;my_second_state;9,4987928;53,560392;5cdf887d-50f4-4d06-b93a-558ace8f494c
295;295;25;End_of_Actions;2;53.560392;9.4987928;my_second_state;9,4987928;53,560392;5cdf887d-50f4-4d06-b93a-558ace8f494c
296;296;25;End_of_Actions;2;53.560392;9.4987928;my_second_state;9,4987928;53,560392;5cdf887d-50f4-4d06-b93a-558ace8f494c
297;297;25;End_of_Actions;2;53.560392;9.4987928;my_second_state;9,4987928;53,560392;5cdf887d-50f4-4d06-b93a-558ace8f494c
298;298;25;End_of_Actions;2;53.560392;9.4987928;my_second_state;9,4987928;53,560392;5cdf887d-50f4-4d06-b93a-558ace8f494c
299;299;25;End_of_Actions;2;53.560392;9.4987928;my_second_state;9,4987928;53,560392;5cdf887d-50f4-4d06-b93a-558ace8f494c
300;300;25;End_of_Actions;2;53.560392;9.4987928;my_second_state;9,4987928;53,560392;5cdf887d-50f4-4d06-b93a-558ace8f494c
